

-- Theory table --

insert into theory (theory_statement, id) values ('Duis ac nibh.', 1);
insert into theory (theory_statement, id) values ('Nullam molestie nibh in lectus.', 2);
insert into theory (theory_statement, id) values ('Integer non velit.', 3);
insert into theory (theory_statement, id) values ('Cum sociis natoque penatibus et magnis dis parturient montes, nascetur ridiculus mus.', 4);
insert into theory (theory_statement, id) values ('Proin interdum mauris non ligula pellentesque ultrices.', 5);
insert into theory (theory_statement, id) values ('Fusce congue, diam id ornare imperdiet, sapien urna pretium nisl.', 6);
insert into theory (theory_statement, id) values ('Vestibulum sed magna at nunc commodo placerat.', 7);
insert into theory (theory_statement, id) values ('In congue.', 8);
insert into theory (theory_statement, id) values ('Duis aliquam convallis nunc.', 9);
insert into theory (theory_statement, id) values ('Curabitur gravida nisi at nibh.', 10);
insert into theory (theory_statement, id) values ('Vestibulum sed magna at nunc commodo placerat.', 11);
insert into theory (theory_statement, id) values ('Fusce posuere felis sed lacus.', 12);
insert into theory (theory_statement, id) values ('Duis ac nibh.', 13);
insert into theory (theory_statement, id) values ('Nullam molestie nibh in lectus.', 14);
insert into theory (theory_statement, id) values ('Quisque porta volutpat erat.', 15);
insert into theory (theory_statement, id) values ('Duis at velit eu est congue elementum.', 16);
insert into theory (theory_statement, id) values ('Mauris lacinia sapien quis libero.', 17);
insert into theory (theory_statement, id) values ('Cum sociis natoque penatibus et magnis dis parturient montes, nascetur ridiculus mus.', 18);
insert into theory (theory_statement, id) values ('Vivamus vel nulla eget eros elementum pellentesque.', 19);
insert into theory (theory_statement, id) values ('Duis bibendum, felis sed interdum venenatis, in porttitor pede justo eu massa.', 20);
insert into theory (theory_statement, id) values ('Integer aliquet, tortor risus dapibus augue, vel accumsan tellus nisi eu orci.', 21);
insert into theory (theory_statement, id) values ('Quisque id justo sit amet sapien dignissim vestibulum.', 22);
insert into theory (theory_statement, id) values ('Morbi sem mauris, laoreet ut, rhoncus aliquet, pulvinar sed, nisl.', 23);
insert into theory (theory_statement, id) values ('Nulla mollis molestie lorem.', 24);
insert into theory (theory_statement, id) values ('Mauris lacinia sapien quis libero.', 25);
insert into theory (theory_statement, id) values ('Vestibulum rutrum rutrum neque.', 26);
insert into theory (theory_statement, id) values ('Cras mi pede, malesuada in, imperdiet et, commodo vulputate, justo.', 27);
insert into theory (theory_statement, id) values ('Phasellus sit amet erat.', 28);
insert into theory (theory_statement, id) values ('Morbi non lectus.', 29);
insert into theory (theory_statement, id) values ('Morbi vel lectus in quam fringilla rhoncus.', 30);
insert into theory (theory_statement, id) values ('Nunc rhoncus dui vel sem.', 31);
insert into theory (theory_statement, id) values ('Nullam varius.', 32);
insert into theory (theory_statement, id) values ('In hac habitasse platea dictumst.', 33);
insert into theory (theory_statement, id) values ('Nam tristique tortor eu pede.', 34);
insert into theory (theory_statement, id) values ('Vivamus vel nulla eget eros elementum pellentesque.', 35);
insert into theory (theory_statement, id) values ('Donec dapibus.', 36);
insert into theory (theory_statement, id) values ('Cras mi pede, malesuada in, imperdiet et, commodo vulputate, justo.', 37);
insert into theory (theory_statement, id) values ('Nulla nisl.', 38);
insert into theory (theory_statement, id) values ('In eleifend quam a odio.', 39);
insert into theory (theory_statement, id) values ('Ut tellus.', 40);
insert into theory (theory_statement, id) values ('Nulla tempus.', 41);
insert into theory (theory_statement, id) values ('Fusce consequat.', 42);
insert into theory (theory_statement, id) values ('Fusce consequat.', 43);
insert into theory (theory_statement, id) values ('In blandit ultrices enim.', 44);
insert into theory (theory_statement, id) values ('Mauris viverra diam vitae quam.', 45);
insert into theory (theory_statement, id) values ('Morbi porttitor lorem id ligula.', 46);
insert into theory (theory_statement, id) values ('Proin at turpis a pede posuere nonummy.', 47);
insert into theory (theory_statement, id) values ('Nulla dapibus dolor vel est.', 48);
insert into theory (theory_statement, id) values ('Vivamus tortor.', 49);
insert into theory (theory_statement, id) values ('Donec pharetra, magna vestibulum aliquet ultrices, sit amet lobortis sapien non mi.', 50);
insert into theory (theory_statement, id) values ('Donec diam neque, vestibulum eget, vulputate ut, ultrices vel, augue.', 51);
insert into theory (theory_statement, id) values ('Nunc rhoncus dui vel sem.', 52);
insert into theory (theory_statement, id) values ('Morbi quis tortor id nulla ultrices aliquet.', 53);
insert into theory (theory_statement, id) values ('Nullam molestie nibh in lectus.', 54);
insert into theory (theory_statement, id) values ('Cum sociis natoque penatibus et magnis dis parturient montes, nascetur ridiculus mus.', 55);
insert into theory (theory_statement, id) values ('Praesent blandit.', 56);
insert into theory (theory_statement, id) values ('Suspendisse potenti.', 57);
insert into theory (theory_statement, id) values ('Etiam pretium iaculis justo.', 58);
insert into theory (theory_statement, id) values ('Duis bibendum.', 59);
insert into theory (theory_statement, id) values ('Duis ac nibh.', 60);
insert into theory (theory_statement, id) values ('Aliquam sit amet diam in magna bibendum imperdiet.', 61);
insert into theory (theory_statement, id) values ('Vivamus tortor.', 62);
insert into theory (theory_statement, id) values ('Sed ante.', 63);
insert into theory (theory_statement, id) values ('Proin leo odio, porttitor id, consequat in, consequat ut, nulla.', 64);
insert into theory (theory_statement, id) values ('Ut at dolor quis odio consequat varius.', 65);
insert into theory (theory_statement, id) values ('Quisque porta volutpat erat.', 66);
insert into theory (theory_statement, id) values ('Morbi vel lectus in quam fringilla rhoncus.', 67);
insert into theory (theory_statement, id) values ('Cras pellentesque volutpat dui.', 68);
insert into theory (theory_statement, id) values ('Duis at velit eu est congue elementum.', 69);
insert into theory (theory_statement, id) values ('In hac habitasse platea dictumst.', 70);
insert into theory (theory_statement, id) values ('Mauris lacinia sapien quis libero.', 71);
insert into theory (theory_statement, id) values ('Suspendisse potenti.', 72);
insert into theory (theory_statement, id) values ('In eleifend quam a odio.', 73);
insert into theory (theory_statement, id) values ('Vestibulum quam sapien, varius ut, blandit non, interdum in, ante.', 74);
insert into theory (theory_statement, id) values ('Mauris sit amet eros.', 75);
insert into theory (theory_statement, id) values ('Nulla facilisi.', 76);
insert into theory (theory_statement, id) values ('Nulla tellus.', 77);
insert into theory (theory_statement, id) values ('Duis aliquam convallis nunc.', 78);
insert into theory (theory_statement, id) values ('Cras pellentesque volutpat dui.', 79);
insert into theory (theory_statement, id) values ('Pellentesque viverra pede ac diam.', 80);
insert into theory (theory_statement, id) values ('Vivamus in felis eu sapien cursus vestibulum.', 81);
insert into theory (theory_statement, id) values ('Aliquam quis turpis eget elit sodales scelerisque.', 82);
insert into theory (theory_statement, id) values ('Quisque porta volutpat erat.', 83);
insert into theory (theory_statement, id) values ('Nam nulla.', 84);
insert into theory (theory_statement, id) values ('Donec quis orci eget orci vehicula condimentum.', 85);
insert into theory (theory_statement, id) values ('Sed ante.', 86);
insert into theory (theory_statement, id) values ('Duis at velit eu est congue elementum.', 87);
insert into theory (theory_statement, id) values ('Integer ac neque.', 88);
insert into theory (theory_statement, id) values ('Sed vel enim sit amet nunc viverra dapibus.', 89);
insert into theory (theory_statement, id) values ('Quisque id justo sit amet sapien dignissim vestibulum.', 90);
insert into theory (theory_statement, id) values ('In blandit ultrices enim.', 91);
insert into theory (theory_statement, id) values ('Duis ac nibh.', 92);
insert into theory (theory_statement, id) values ('Nulla tempus.', 93);
insert into theory (theory_statement, id) values ('Pellentesque at nulla.', 94);
insert into theory (theory_statement, id) values ('Etiam vel augue.', 95);
insert into theory (theory_statement, id) values ('Cum sociis natoque penatibus et magnis dis parturient montes, nascetur ridiculus mus.', 96);
insert into theory (theory_statement, id) values ('Aliquam quis turpis eget elit sodales scelerisque.', 97);
insert into theory (theory_statement, id) values ('Nulla tempus.', 98);
insert into theory (theory_statement, id) values ('Duis mattis egestas metus.', 99);
insert into theory (theory_statement, id) values ('Donec dapibus.', 100);

-- Theory_belief table --


insert into theory_beliefs (theory_id, beliefs_id) values (34, 7396);
insert into theory_beliefs (theory_id, beliefs_id) values (97, 3637);
insert into theory_beliefs (theory_id, beliefs_id) values (36, 8552);
insert into theory_beliefs (theory_id, beliefs_id) values (81, 1093);
insert into theory_beliefs (theory_id, beliefs_id) values (90, 16613);
insert into theory_beliefs (theory_id, beliefs_id) values (41, 4305);
insert into theory_beliefs (theory_id, beliefs_id) values (68, 7865);
insert into theory_beliefs (theory_id, beliefs_id) values (8, 17999);
insert into theory_beliefs (theory_id, beliefs_id) values (86, 12354);
insert into theory_beliefs (theory_id, beliefs_id) values (17, 5111);
insert into theory_beliefs (theory_id, beliefs_id) values (71, 493);
insert into theory_beliefs (theory_id, beliefs_id) values (32, 9804);
insert into theory_beliefs (theory_id, beliefs_id) values (71, 13167);
insert into theory_beliefs (theory_id, beliefs_id) values (29, 7517);
insert into theory_beliefs (theory_id, beliefs_id) values (49, 1967);
insert into theory_beliefs (theory_id, beliefs_id) values (30, 12825);
insert into theory_beliefs (theory_id, beliefs_id) values (88, 15924);
insert into theory_beliefs (theory_id, beliefs_id) values (26, 9687);
insert into theory_beliefs (theory_id, beliefs_id) values (78, 17873);
insert into theory_beliefs (theory_id, beliefs_id) values (47, 11507);
insert into theory_beliefs (theory_id, beliefs_id) values (7, 18946);
insert into theory_beliefs (theory_id, beliefs_id) values (96, 14903);
insert into theory_beliefs (theory_id, beliefs_id) values (2, 13715);
insert into theory_beliefs (theory_id, beliefs_id) values (28, 14638);
insert into theory_beliefs (theory_id, beliefs_id) values (88, 17852);
insert into theory_beliefs (theory_id, beliefs_id) values (1, 11034);
insert into theory_beliefs (theory_id, beliefs_id) values (78, 15832);
insert into theory_beliefs (theory_id, beliefs_id) values (53, 5572);
insert into theory_beliefs (theory_id, beliefs_id) values (28, 16288);
insert into theory_beliefs (theory_id, beliefs_id) values (71, 12042);
insert into theory_beliefs (theory_id, beliefs_id) values (24, 17578);
insert into theory_beliefs (theory_id, beliefs_id) values (41, 7198);
insert into theory_beliefs (theory_id, beliefs_id) values (54, 12426);
insert into theory_beliefs (theory_id, beliefs_id) values (27, 3248);
insert into theory_beliefs (theory_id, beliefs_id) values (10, 14162);
insert into theory_beliefs (theory_id, beliefs_id) values (82, 13452);
insert into theory_beliefs (theory_id, beliefs_id) values (63, 16633);
insert into theory_beliefs (theory_id, beliefs_id) values (87, 14499);
insert into theory_beliefs (theory_id, beliefs_id) values (2, 16940);
insert into theory_beliefs (theory_id, beliefs_id) values (59, 6099);
insert into theory_beliefs (theory_id, beliefs_id) values (8, 15265);
insert into theory_beliefs (theory_id, beliefs_id) values (81, 15176);
insert into theory_beliefs (theory_id, beliefs_id) values (91, 17095);
insert into theory_beliefs (theory_id, beliefs_id) values (86, 17595);
insert into theory_beliefs (theory_id, beliefs_id) values (53, 10263);
insert into theory_beliefs (theory_id, beliefs_id) values (84, 18667);
insert into theory_beliefs (theory_id, beliefs_id) values (19, 16595);
insert into theory_beliefs (theory_id, beliefs_id) values (67, 10338);
insert into theory_beliefs (theory_id, beliefs_id) values (51, 11816);
insert into theory_beliefs (theory_id, beliefs_id) values (62, 9059);
insert into theory_beliefs (theory_id, beliefs_id) values (4, 16973);
insert into theory_beliefs (theory_id, beliefs_id) values (92, 511);
insert into theory_beliefs (theory_id, beliefs_id) values (89, 10479);
insert into theory_beliefs (theory_id, beliefs_id) values (41, 9044);
insert into theory_beliefs (theory_id, beliefs_id) values (42, 9202);
insert into theory_beliefs (theory_id, beliefs_id) values (37, 7729);
insert into theory_beliefs (theory_id, beliefs_id) values (8, 18902);
insert into theory_beliefs (theory_id, beliefs_id) values (33, 11820);
insert into theory_beliefs (theory_id, beliefs_id) values (25, 16223);
insert into theory_beliefs (theory_id, beliefs_id) values (87, 15884);
insert into theory_beliefs (theory_id, beliefs_id) values (49, 12534);
insert into theory_beliefs (theory_id, beliefs_id) values (27, 13106);
insert into theory_beliefs (theory_id, beliefs_id) values (27, 3298);
insert into theory_beliefs (theory_id, beliefs_id) values (41, 4666);
insert into theory_beliefs (theory_id, beliefs_id) values (81, 17845);
insert into theory_beliefs (theory_id, beliefs_id) values (76, 3282);
insert into theory_beliefs (theory_id, beliefs_id) values (35, 6116);
insert into theory_beliefs (theory_id, beliefs_id) values (4, 6681);
insert into theory_beliefs (theory_id, beliefs_id) values (71, 18517);
insert into theory_beliefs (theory_id, beliefs_id) values (96, 2042);
insert into theory_beliefs (theory_id, beliefs_id) values (7, 17545);
insert into theory_beliefs (theory_id, beliefs_id) values (13, 5961);
insert into theory_beliefs (theory_id, beliefs_id) values (23, 7715);
insert into theory_beliefs (theory_id, beliefs_id) values (48, 10930);
insert into theory_beliefs (theory_id, beliefs_id) values (99, 1530);
insert into theory_beliefs (theory_id, beliefs_id) values (70, 3671);
insert into theory_beliefs (theory_id, beliefs_id) values (19, 15199);
insert into theory_beliefs (theory_id, beliefs_id) values (74, 3204);
insert into theory_beliefs (theory_id, beliefs_id) values (81, 7950);
insert into theory_beliefs (theory_id, beliefs_id) values (80, 5383);
insert into theory_beliefs (theory_id, beliefs_id) values (64, 14735);
insert into theory_beliefs (theory_id, beliefs_id) values (66, 17766);
insert into theory_beliefs (theory_id, beliefs_id) values (62, 370);
insert into theory_beliefs (theory_id, beliefs_id) values (68, 11703);
insert into theory_beliefs (theory_id, beliefs_id) values (32, 4558);
insert into theory_beliefs (theory_id, beliefs_id) values (14, 7949);
insert into theory_beliefs (theory_id, beliefs_id) values (75, 11401);
insert into theory_beliefs (theory_id, beliefs_id) values (25, 11674);
insert into theory_beliefs (theory_id, beliefs_id) values (46, 6265);
insert into theory_beliefs (theory_id, beliefs_id) values (72, 15499);
insert into theory_beliefs (theory_id, beliefs_id) values (70, 5077);
insert into theory_beliefs (theory_id, beliefs_id) values (50, 13095);
insert into theory_beliefs (theory_id, beliefs_id) values (30, 16882);
insert into theory_beliefs (theory_id, beliefs_id) values (29, 1904);
insert into theory_beliefs (theory_id, beliefs_id) values (9, 14931);
insert into theory_beliefs (theory_id, beliefs_id) values (15, 17478);
insert into theory_beliefs (theory_id, beliefs_id) values (100, 7888);
insert into theory_beliefs (theory_id, beliefs_id) values (88, 12384);
insert into theory_beliefs (theory_id, beliefs_id) values (43, 15627);
insert into theory_beliefs (theory_id, beliefs_id) values (20, 18840);
insert into theory_beliefs (theory_id, beliefs_id) values (77, 14415);
insert into theory_beliefs (theory_id, beliefs_id) values (57, 2806);
insert into theory_beliefs (theory_id, beliefs_id) values (15, 12828);
insert into theory_beliefs (theory_id, beliefs_id) values (85, 10745);
insert into theory_beliefs (theory_id, beliefs_id) values (9, 13868);
insert into theory_beliefs (theory_id, beliefs_id) values (33, 3725);
insert into theory_beliefs (theory_id, beliefs_id) values (71, 16735);
insert into theory_beliefs (theory_id, beliefs_id) values (35, 1902);
insert into theory_beliefs (theory_id, beliefs_id) values (79, 2593);
insert into theory_beliefs (theory_id, beliefs_id) values (72, 5828);
insert into theory_beliefs (theory_id, beliefs_id) values (51, 17539);
insert into theory_beliefs (theory_id, beliefs_id) values (22, 18484);
insert into theory_beliefs (theory_id, beliefs_id) values (40, 17514);
insert into theory_beliefs (theory_id, beliefs_id) values (84, 9203);
insert into theory_beliefs (theory_id, beliefs_id) values (33, 2039);
insert into theory_beliefs (theory_id, beliefs_id) values (86, 6994);
insert into theory_beliefs (theory_id, beliefs_id) values (18, 5721);
insert into theory_beliefs (theory_id, beliefs_id) values (39, 3995);
insert into theory_beliefs (theory_id, beliefs_id) values (80, 2364);
insert into theory_beliefs (theory_id, beliefs_id) values (67, 18791);
insert into theory_beliefs (theory_id, beliefs_id) values (37, 14239);
insert into theory_beliefs (theory_id, beliefs_id) values (61, 13760);
insert into theory_beliefs (theory_id, beliefs_id) values (91, 8191);
insert into theory_beliefs (theory_id, beliefs_id) values (74, 3073);
insert into theory_beliefs (theory_id, beliefs_id) values (41, 10161);
insert into theory_beliefs (theory_id, beliefs_id) values (45, 12173);
insert into theory_beliefs (theory_id, beliefs_id) values (9, 11676);
insert into theory_beliefs (theory_id, beliefs_id) values (11, 18246);
insert into theory_beliefs (theory_id, beliefs_id) values (95, 14452);
insert into theory_beliefs (theory_id, beliefs_id) values (54, 130);
insert into theory_beliefs (theory_id, beliefs_id) values (93, 4486);
insert into theory_beliefs (theory_id, beliefs_id) values (51, 8881);
insert into theory_beliefs (theory_id, beliefs_id) values (63, 180);
insert into theory_beliefs (theory_id, beliefs_id) values (68, 13192);
insert into theory_beliefs (theory_id, beliefs_id) values (14, 10645);
insert into theory_beliefs (theory_id, beliefs_id) values (80, 10942);
insert into theory_beliefs (theory_id, beliefs_id) values (33, 1343);
insert into theory_beliefs (theory_id, beliefs_id) values (21, 2989);
insert into theory_beliefs (theory_id, beliefs_id) values (14, 12537);
insert into theory_beliefs (theory_id, beliefs_id) values (32, 7095);
insert into theory_beliefs (theory_id, beliefs_id) values (22, 11083);
insert into theory_beliefs (theory_id, beliefs_id) values (11, 15239);
insert into theory_beliefs (theory_id, beliefs_id) values (41, 1572);
insert into theory_beliefs (theory_id, beliefs_id) values (47, 7156);
insert into theory_beliefs (theory_id, beliefs_id) values (8, 1916);
insert into theory_beliefs (theory_id, beliefs_id) values (45, 17508);
insert into theory_beliefs (theory_id, beliefs_id) values (90, 6648);
insert into theory_beliefs (theory_id, beliefs_id) values (64, 12736);
insert into theory_beliefs (theory_id, beliefs_id) values (29, 17660);
insert into theory_beliefs (theory_id, beliefs_id) values (60, 6589);
insert into theory_beliefs (theory_id, beliefs_id) values (10, 17447);
insert into theory_beliefs (theory_id, beliefs_id) values (33, 18609);
insert into theory_beliefs (theory_id, beliefs_id) values (34, 10237);
insert into theory_beliefs (theory_id, beliefs_id) values (25, 2371);
insert into theory_beliefs (theory_id, beliefs_id) values (66, 10301);
insert into theory_beliefs (theory_id, beliefs_id) values (86, 14668);
insert into theory_beliefs (theory_id, beliefs_id) values (20, 1655);
insert into theory_beliefs (theory_id, beliefs_id) values (41, 8785);
insert into theory_beliefs (theory_id, beliefs_id) values (62, 1658);
insert into theory_beliefs (theory_id, beliefs_id) values (13, 3596);
insert into theory_beliefs (theory_id, beliefs_id) values (55, 2306);
insert into theory_beliefs (theory_id, beliefs_id) values (16, 7719);
insert into theory_beliefs (theory_id, beliefs_id) values (19, 8326);
insert into theory_beliefs (theory_id, beliefs_id) values (41, 5300);
insert into theory_beliefs (theory_id, beliefs_id) values (45, 5937);
insert into theory_beliefs (theory_id, beliefs_id) values (6, 12627);
insert into theory_beliefs (theory_id, beliefs_id) values (60, 17141);
insert into theory_beliefs (theory_id, beliefs_id) values (72, 8284);
insert into theory_beliefs (theory_id, beliefs_id) values (1, 5733);
insert into theory_beliefs (theory_id, beliefs_id) values (54, 12358);
insert into theory_beliefs (theory_id, beliefs_id) values (16, 6675);
insert into theory_beliefs (theory_id, beliefs_id) values (51, 14411);
insert into theory_beliefs (theory_id, beliefs_id) values (22, 12969);
insert into theory_beliefs (theory_id, beliefs_id) values (92, 832);
insert into theory_beliefs (theory_id, beliefs_id) values (27, 7477);
insert into theory_beliefs (theory_id, beliefs_id) values (74, 18488);
insert into theory_beliefs (theory_id, beliefs_id) values (5, 15227);
insert into theory_beliefs (theory_id, beliefs_id) values (44, 12874);
insert into theory_beliefs (theory_id, beliefs_id) values (4, 3089);
insert into theory_beliefs (theory_id, beliefs_id) values (4, 8347);
insert into theory_beliefs (theory_id, beliefs_id) values (65, 11863);
insert into theory_beliefs (theory_id, beliefs_id) values (87, 15171);
insert into theory_beliefs (theory_id, beliefs_id) values (76, 11784);
insert into theory_beliefs (theory_id, beliefs_id) values (56, 3463);
insert into theory_beliefs (theory_id, beliefs_id) values (70, 76);
insert into theory_beliefs (theory_id, beliefs_id) values (27, 14253);
insert into theory_beliefs (theory_id, beliefs_id) values (100, 10851);
insert into theory_beliefs (theory_id, beliefs_id) values (74, 787);
insert into theory_beliefs (theory_id, beliefs_id) values (35, 15746);
insert into theory_beliefs (theory_id, beliefs_id) values (6, 6666);
insert into theory_beliefs (theory_id, beliefs_id) values (39, 18160);
insert into theory_beliefs (theory_id, beliefs_id) values (34, 10052);
insert into theory_beliefs (theory_id, beliefs_id) values (10, 11411);
insert into theory_beliefs (theory_id, beliefs_id) values (13, 11923);
insert into theory_beliefs (theory_id, beliefs_id) values (71, 5646);
insert into theory_beliefs (theory_id, beliefs_id) values (4, 1127);
insert into theory_beliefs (theory_id, beliefs_id) values (5, 3046);
insert into theory_beliefs (theory_id, beliefs_id) values (74, 2931);
insert into theory_beliefs (theory_id, beliefs_id) values (40, 4843);
insert into theory_beliefs (theory_id, beliefs_id) values (48, 2090);
insert into theory_beliefs (theory_id, beliefs_id) values (13, 6107);
insert into theory_beliefs (theory_id, beliefs_id) values (27, 7013);
insert into theory_beliefs (theory_id, beliefs_id) values (43, 4706);
insert into theory_beliefs (theory_id, beliefs_id) values (10, 6336);
insert into theory_beliefs (theory_id, beliefs_id) values (42, 12633);
insert into theory_beliefs (theory_id, beliefs_id) values (75, 382);
insert into theory_beliefs (theory_id, beliefs_id) values (28, 12456);
insert into theory_beliefs (theory_id, beliefs_id) values (63, 9141);
insert into theory_beliefs (theory_id, beliefs_id) values (7, 11572);
insert into theory_beliefs (theory_id, beliefs_id) values (68, 1684);
insert into theory_beliefs (theory_id, beliefs_id) values (9, 8148);
insert into theory_beliefs (theory_id, beliefs_id) values (3, 14277);
insert into theory_beliefs (theory_id, beliefs_id) values (6, 10212);
insert into theory_beliefs (theory_id, beliefs_id) values (100, 12127);
insert into theory_beliefs (theory_id, beliefs_id) values (96, 5689);
insert into theory_beliefs (theory_id, beliefs_id) values (80, 18763);
insert into theory_beliefs (theory_id, beliefs_id) values (15, 4752);
insert into theory_beliefs (theory_id, beliefs_id) values (24, 8571);
insert into theory_beliefs (theory_id, beliefs_id) values (20, 18184);
insert into theory_beliefs (theory_id, beliefs_id) values (75, 15178);
insert into theory_beliefs (theory_id, beliefs_id) values (99, 11654);
insert into theory_beliefs (theory_id, beliefs_id) values (14, 5697);
insert into theory_beliefs (theory_id, beliefs_id) values (66, 15878);
insert into theory_beliefs (theory_id, beliefs_id) values (64, 3389);
insert into theory_beliefs (theory_id, beliefs_id) values (81, 6152);
insert into theory_beliefs (theory_id, beliefs_id) values (73, 14978);
insert into theory_beliefs (theory_id, beliefs_id) values (9, 1289);
insert into theory_beliefs (theory_id, beliefs_id) values (60, 2736);
insert into theory_beliefs (theory_id, beliefs_id) values (98, 12457);
insert into theory_beliefs (theory_id, beliefs_id) values (75, 18137);
insert into theory_beliefs (theory_id, beliefs_id) values (79, 18096);
insert into theory_beliefs (theory_id, beliefs_id) values (74, 17438);
insert into theory_beliefs (theory_id, beliefs_id) values (43, 2467);
insert into theory_beliefs (theory_id, beliefs_id) values (49, 10437);
insert into theory_beliefs (theory_id, beliefs_id) values (25, 16106);
insert into theory_beliefs (theory_id, beliefs_id) values (92, 718);
insert into theory_beliefs (theory_id, beliefs_id) values (27, 14310);
insert into theory_beliefs (theory_id, beliefs_id) values (9, 5959);
insert into theory_beliefs (theory_id, beliefs_id) values (31, 1842);
insert into theory_beliefs (theory_id, beliefs_id) values (23, 15619);
insert into theory_beliefs (theory_id, beliefs_id) values (82, 1742);
insert into theory_beliefs (theory_id, beliefs_id) values (7, 648);
insert into theory_beliefs (theory_id, beliefs_id) values (73, 8155);
insert into theory_beliefs (theory_id, beliefs_id) values (42, 13168);
insert into theory_beliefs (theory_id, beliefs_id) values (49, 10304);
insert into theory_beliefs (theory_id, beliefs_id) values (10, 7255);
insert into theory_beliefs (theory_id, beliefs_id) values (28, 7282);
insert into theory_beliefs (theory_id, beliefs_id) values (11, 6792);
insert into theory_beliefs (theory_id, beliefs_id) values (61, 14433);
insert into theory_beliefs (theory_id, beliefs_id) values (13, 15393);
insert into theory_beliefs (theory_id, beliefs_id) values (28, 5694);
insert into theory_beliefs (theory_id, beliefs_id) values (87, 4697);
insert into theory_beliefs (theory_id, beliefs_id) values (24, 4102);
insert into theory_beliefs (theory_id, beliefs_id) values (91, 18936);
insert into theory_beliefs (theory_id, beliefs_id) values (1, 2004);
insert into theory_beliefs (theory_id, beliefs_id) values (37, 4585);
insert into theory_beliefs (theory_id, beliefs_id) values (52, 7801);
insert into theory_beliefs (theory_id, beliefs_id) values (31, 1347);
insert into theory_beliefs (theory_id, beliefs_id) values (79, 11426);
insert into theory_beliefs (theory_id, beliefs_id) values (77, 10205);
insert into theory_beliefs (theory_id, beliefs_id) values (97, 7426);
insert into theory_beliefs (theory_id, beliefs_id) values (85, 12059);
insert into theory_beliefs (theory_id, beliefs_id) values (40, 2512);
insert into theory_beliefs (theory_id, beliefs_id) values (99, 4308);
insert into theory_beliefs (theory_id, beliefs_id) values (40, 13700);
insert into theory_beliefs (theory_id, beliefs_id) values (38, 7587);
insert into theory_beliefs (theory_id, beliefs_id) values (84, 10682);
insert into theory_beliefs (theory_id, beliefs_id) values (83, 3695);
insert into theory_beliefs (theory_id, beliefs_id) values (35, 515);
insert into theory_beliefs (theory_id, beliefs_id) values (74, 16791);
insert into theory_beliefs (theory_id, beliefs_id) values (68, 13554);
insert into theory_beliefs (theory_id, beliefs_id) values (10, 201);
insert into theory_beliefs (theory_id, beliefs_id) values (26, 10329);
insert into theory_beliefs (theory_id, beliefs_id) values (23, 2407);
insert into theory_beliefs (theory_id, beliefs_id) values (66, 11150);
insert into theory_beliefs (theory_id, beliefs_id) values (22, 11687);
insert into theory_beliefs (theory_id, beliefs_id) values (90, 9330);
insert into theory_beliefs (theory_id, beliefs_id) values (13, 15998);
insert into theory_beliefs (theory_id, beliefs_id) values (96, 4595);
insert into theory_beliefs (theory_id, beliefs_id) values (51, 1141);
insert into theory_beliefs (theory_id, beliefs_id) values (75, 1858);
insert into theory_beliefs (theory_id, beliefs_id) values (52, 7878);
insert into theory_beliefs (theory_id, beliefs_id) values (24, 7015);
insert into theory_beliefs (theory_id, beliefs_id) values (84, 15105);
insert into theory_beliefs (theory_id, beliefs_id) values (60, 7203);
insert into theory_beliefs (theory_id, beliefs_id) values (37, 6011);
insert into theory_beliefs (theory_id, beliefs_id) values (49, 6418);
insert into theory_beliefs (theory_id, beliefs_id) values (49, 569);
insert into theory_beliefs (theory_id, beliefs_id) values (92, 13640);
insert into theory_beliefs (theory_id, beliefs_id) values (25, 14330);
insert into theory_beliefs (theory_id, beliefs_id) values (57, 15580);
insert into theory_beliefs (theory_id, beliefs_id) values (98, 12651);
insert into theory_beliefs (theory_id, beliefs_id) values (24, 9797);
insert into theory_beliefs (theory_id, beliefs_id) values (86, 9015);
insert into theory_beliefs (theory_id, beliefs_id) values (82, 8943);
insert into theory_beliefs (theory_id, beliefs_id) values (73, 4679);
insert into theory_beliefs (theory_id, beliefs_id) values (62, 13968);
insert into theory_beliefs (theory_id, beliefs_id) values (75, 3807);
insert into theory_beliefs (theory_id, beliefs_id) values (3, 478);
insert into theory_beliefs (theory_id, beliefs_id) values (52, 1859);
insert into theory_beliefs (theory_id, beliefs_id) values (5, 15995);
insert into theory_beliefs (theory_id, beliefs_id) values (82, 10414);
insert into theory_beliefs (theory_id, beliefs_id) values (83, 2165);
insert into theory_beliefs (theory_id, beliefs_id) values (50, 12967);
insert into theory_beliefs (theory_id, beliefs_id) values (44, 11183);
insert into theory_beliefs (theory_id, beliefs_id) values (44, 1355);
insert into theory_beliefs (theory_id, beliefs_id) values (79, 2227);
insert into theory_beliefs (theory_id, beliefs_id) values (3, 2236);
insert into theory_beliefs (theory_id, beliefs_id) values (28, 12864);
insert into theory_beliefs (theory_id, beliefs_id) values (70, 2836);
insert into theory_beliefs (theory_id, beliefs_id) values (80, 312);
insert into theory_beliefs (theory_id, beliefs_id) values (7, 2338);
insert into theory_beliefs (theory_id, beliefs_id) values (13, 7966);
insert into theory_beliefs (theory_id, beliefs_id) values (89, 3735);
insert into theory_beliefs (theory_id, beliefs_id) values (43, 4082);
insert into theory_beliefs (theory_id, beliefs_id) values (60, 13345);
insert into theory_beliefs (theory_id, beliefs_id) values (7, 15974);
insert into theory_beliefs (theory_id, beliefs_id) values (8, 933);
insert into theory_beliefs (theory_id, beliefs_id) values (90, 16769);
insert into theory_beliefs (theory_id, beliefs_id) values (96, 3393);
insert into theory_beliefs (theory_id, beliefs_id) values (29, 4544);
insert into theory_beliefs (theory_id, beliefs_id) values (45, 6669);
insert into theory_beliefs (theory_id, beliefs_id) values (10, 9916);
insert into theory_beliefs (theory_id, beliefs_id) values (38, 17885);
insert into theory_beliefs (theory_id, beliefs_id) values (22, 6443);
insert into theory_beliefs (theory_id, beliefs_id) values (20, 2486);
insert into theory_beliefs (theory_id, beliefs_id) values (52, 10286);
insert into theory_beliefs (theory_id, beliefs_id) values (21, 15429);
insert into theory_beliefs (theory_id, beliefs_id) values (62, 545);
insert into theory_beliefs (theory_id, beliefs_id) values (11, 12604);
insert into theory_beliefs (theory_id, beliefs_id) values (81, 8739);
insert into theory_beliefs (theory_id, beliefs_id) values (96, 4814);
insert into theory_beliefs (theory_id, beliefs_id) values (73, 3939);
insert into theory_beliefs (theory_id, beliefs_id) values (36, 17858);
insert into theory_beliefs (theory_id, beliefs_id) values (15, 2066);
insert into theory_beliefs (theory_id, beliefs_id) values (35, 11686);
insert into theory_beliefs (theory_id, beliefs_id) values (1, 3996);
insert into theory_beliefs (theory_id, beliefs_id) values (100, 1019);
insert into theory_beliefs (theory_id, beliefs_id) values (35, 2005);
insert into theory_beliefs (theory_id, beliefs_id) values (58, 7695);
insert into theory_beliefs (theory_id, beliefs_id) values (13, 18403);
insert into theory_beliefs (theory_id, beliefs_id) values (32, 6542);
insert into theory_beliefs (theory_id, beliefs_id) values (49, 9361);
insert into theory_beliefs (theory_id, beliefs_id) values (38, 18744);
insert into theory_beliefs (theory_id, beliefs_id) values (24, 4901);
insert into theory_beliefs (theory_id, beliefs_id) values (71, 2940);
insert into theory_beliefs (theory_id, beliefs_id) values (10, 3856);
insert into theory_beliefs (theory_id, beliefs_id) values (96, 12214);
insert into theory_beliefs (theory_id, beliefs_id) values (1, 18342);
insert into theory_beliefs (theory_id, beliefs_id) values (85, 18067);
insert into theory_beliefs (theory_id, beliefs_id) values (95, 9546);
insert into theory_beliefs (theory_id, beliefs_id) values (63, 5702);
insert into theory_beliefs (theory_id, beliefs_id) values (94, 4483);
insert into theory_beliefs (theory_id, beliefs_id) values (55, 6905);
insert into theory_beliefs (theory_id, beliefs_id) values (52, 4249);
insert into theory_beliefs (theory_id, beliefs_id) values (46, 10549);
insert into theory_beliefs (theory_id, beliefs_id) values (62, 171);
insert into theory_beliefs (theory_id, beliefs_id) values (46, 7324);
insert into theory_beliefs (theory_id, beliefs_id) values (86, 14806);
insert into theory_beliefs (theory_id, beliefs_id) values (98, 5460);
insert into theory_beliefs (theory_id, beliefs_id) values (30, 15524);
insert into theory_beliefs (theory_id, beliefs_id) values (64, 8846);
insert into theory_beliefs (theory_id, beliefs_id) values (65, 18960);
insert into theory_beliefs (theory_id, beliefs_id) values (79, 4304);
insert into theory_beliefs (theory_id, beliefs_id) values (42, 11395);
insert into theory_beliefs (theory_id, beliefs_id) values (91, 7912);
insert into theory_beliefs (theory_id, beliefs_id) values (30, 16982);
insert into theory_beliefs (theory_id, beliefs_id) values (76, 7947);
insert into theory_beliefs (theory_id, beliefs_id) values (65, 15000);
insert into theory_beliefs (theory_id, beliefs_id) values (78, 12351);
insert into theory_beliefs (theory_id, beliefs_id) values (21, 6460);
insert into theory_beliefs (theory_id, beliefs_id) values (29, 10112);
insert into theory_beliefs (theory_id, beliefs_id) values (27, 6657);
insert into theory_beliefs (theory_id, beliefs_id) values (27, 18919);
insert into theory_beliefs (theory_id, beliefs_id) values (93, 724);
insert into theory_beliefs (theory_id, beliefs_id) values (90, 8942);
insert into theory_beliefs (theory_id, beliefs_id) values (98, 8777);
insert into theory_beliefs (theory_id, beliefs_id) values (26, 7913);
insert into theory_beliefs (theory_id, beliefs_id) values (48, 11749);
insert into theory_beliefs (theory_id, beliefs_id) values (29, 5469);
insert into theory_beliefs (theory_id, beliefs_id) values (89, 8090);
insert into theory_beliefs (theory_id, beliefs_id) values (48, 16848);
insert into theory_beliefs (theory_id, beliefs_id) values (2, 18756);
insert into theory_beliefs (theory_id, beliefs_id) values (32, 1770);
insert into theory_beliefs (theory_id, beliefs_id) values (97, 12988);
insert into theory_beliefs (theory_id, beliefs_id) values (7, 8043);
insert into theory_beliefs (theory_id, beliefs_id) values (17, 1622);
insert into theory_beliefs (theory_id, beliefs_id) values (78, 4276);
insert into theory_beliefs (theory_id, beliefs_id) values (25, 10998);
insert into theory_beliefs (theory_id, beliefs_id) values (42, 12305);
insert into theory_beliefs (theory_id, beliefs_id) values (61, 8134);
insert into theory_beliefs (theory_id, beliefs_id) values (44, 4333);
insert into theory_beliefs (theory_id, beliefs_id) values (74, 15767);
insert into theory_beliefs (theory_id, beliefs_id) values (33, 14797);
insert into theory_beliefs (theory_id, beliefs_id) values (36, 12532);
insert into theory_beliefs (theory_id, beliefs_id) values (35, 6872);
insert into theory_beliefs (theory_id, beliefs_id) values (8, 4892);
insert into theory_beliefs (theory_id, beliefs_id) values (98, 455);
insert into theory_beliefs (theory_id, beliefs_id) values (87, 6476);
insert into theory_beliefs (theory_id, beliefs_id) values (63, 414);
insert into theory_beliefs (theory_id, beliefs_id) values (61, 1948);
insert into theory_beliefs (theory_id, beliefs_id) values (58, 112);
insert into theory_beliefs (theory_id, beliefs_id) values (55, 16279);
insert into theory_beliefs (theory_id, beliefs_id) values (54, 10118);
insert into theory_beliefs (theory_id, beliefs_id) values (96, 11084);
insert into theory_beliefs (theory_id, beliefs_id) values (26, 3540);
insert into theory_beliefs (theory_id, beliefs_id) values (59, 15789);
insert into theory_beliefs (theory_id, beliefs_id) values (62, 11626);
insert into theory_beliefs (theory_id, beliefs_id) values (40, 7973);
insert into theory_beliefs (theory_id, beliefs_id) values (10, 4700);
insert into theory_beliefs (theory_id, beliefs_id) values (58, 18414);
insert into theory_beliefs (theory_id, beliefs_id) values (28, 18415);
insert into theory_beliefs (theory_id, beliefs_id) values (74, 10963);
insert into theory_beliefs (theory_id, beliefs_id) values (10, 18663);
insert into theory_beliefs (theory_id, beliefs_id) values (3, 6481);
insert into theory_beliefs (theory_id, beliefs_id) values (25, 5451);
insert into theory_beliefs (theory_id, beliefs_id) values (89, 11785);
insert into theory_beliefs (theory_id, beliefs_id) values (62, 16543);
insert into theory_beliefs (theory_id, beliefs_id) values (57, 13470);
insert into theory_beliefs (theory_id, beliefs_id) values (10, 3477);
insert into theory_beliefs (theory_id, beliefs_id) values (8, 11159);
insert into theory_beliefs (theory_id, beliefs_id) values (63, 8055);
insert into theory_beliefs (theory_id, beliefs_id) values (41, 6918);
insert into theory_beliefs (theory_id, beliefs_id) values (36, 7399);
insert into theory_beliefs (theory_id, beliefs_id) values (35, 10256);
insert into theory_beliefs (theory_id, beliefs_id) values (24, 4046);
insert into theory_beliefs (theory_id, beliefs_id) values (38, 4413);
insert into theory_beliefs (theory_id, beliefs_id) values (19, 11500);
insert into theory_beliefs (theory_id, beliefs_id) values (91, 15606);
insert into theory_beliefs (theory_id, beliefs_id) values (46, 317);
insert into theory_beliefs (theory_id, beliefs_id) values (76, 3478);
insert into theory_beliefs (theory_id, beliefs_id) values (99, 13104);
insert into theory_beliefs (theory_id, beliefs_id) values (83, 15702);
insert into theory_beliefs (theory_id, beliefs_id) values (94, 5281);
insert into theory_beliefs (theory_id, beliefs_id) values (32, 5145);
insert into theory_beliefs (theory_id, beliefs_id) values (28, 6472);
insert into theory_beliefs (theory_id, beliefs_id) values (21, 17235);
insert into theory_beliefs (theory_id, beliefs_id) values (76, 17677);
insert into theory_beliefs (theory_id, beliefs_id) values (77, 14477);
insert into theory_beliefs (theory_id, beliefs_id) values (100, 11536);
insert into theory_beliefs (theory_id, beliefs_id) values (82, 17191);
insert into theory_beliefs (theory_id, beliefs_id) values (14, 15680);
insert into theory_beliefs (theory_id, beliefs_id) values (66, 15951);
insert into theory_beliefs (theory_id, beliefs_id) values (47, 2104);
insert into theory_beliefs (theory_id, beliefs_id) values (92, 8888);
insert into theory_beliefs (theory_id, beliefs_id) values (50, 13721);
insert into theory_beliefs (theory_id, beliefs_id) values (7, 212);
insert into theory_beliefs (theory_id, beliefs_id) values (43, 1444);
insert into theory_beliefs (theory_id, beliefs_id) values (55, 7457);
insert into theory_beliefs (theory_id, beliefs_id) values (87, 7262);
insert into theory_beliefs (theory_id, beliefs_id) values (81, 4467);
insert into theory_beliefs (theory_id, beliefs_id) values (65, 5588);
insert into theory_beliefs (theory_id, beliefs_id) values (44, 10960);
insert into theory_beliefs (theory_id, beliefs_id) values (50, 17269);
insert into theory_beliefs (theory_id, beliefs_id) values (6, 13067);
insert into theory_beliefs (theory_id, beliefs_id) values (19, 10694);
insert into theory_beliefs (theory_id, beliefs_id) values (27, 211);
insert into theory_beliefs (theory_id, beliefs_id) values (38, 9926);
insert into theory_beliefs (theory_id, beliefs_id) values (22, 7407);
insert into theory_beliefs (theory_id, beliefs_id) values (96, 14242);
insert into theory_beliefs (theory_id, beliefs_id) values (24, 178);
insert into theory_beliefs (theory_id, beliefs_id) values (6, 3630);
insert into theory_beliefs (theory_id, beliefs_id) values (94, 13405);
insert into theory_beliefs (theory_id, beliefs_id) values (51, 2274);
insert into theory_beliefs (theory_id, beliefs_id) values (40, 8614);
insert into theory_beliefs (theory_id, beliefs_id) values (39, 484);
insert into theory_beliefs (theory_id, beliefs_id) values (87, 8081);
insert into theory_beliefs (theory_id, beliefs_id) values (72, 3276);
insert into theory_beliefs (theory_id, beliefs_id) values (79, 6991);
insert into theory_beliefs (theory_id, beliefs_id) values (2, 9992);
insert into theory_beliefs (theory_id, beliefs_id) values (65, 7434);
insert into theory_beliefs (theory_id, beliefs_id) values (21, 10201);
insert into theory_beliefs (theory_id, beliefs_id) values (91, 14065);
insert into theory_beliefs (theory_id, beliefs_id) values (96, 14319);
insert into theory_beliefs (theory_id, beliefs_id) values (85, 13683);
insert into theory_beliefs (theory_id, beliefs_id) values (29, 17793);
insert into theory_beliefs (theory_id, beliefs_id) values (41, 10845);
insert into theory_beliefs (theory_id, beliefs_id) values (48, 7339);
insert into theory_beliefs (theory_id, beliefs_id) values (25, 6693);
insert into theory_beliefs (theory_id, beliefs_id) values (57, 7000);
insert into theory_beliefs (theory_id, beliefs_id) values (1, 12728);
insert into theory_beliefs (theory_id, beliefs_id) values (34, 3529);
insert into theory_beliefs (theory_id, beliefs_id) values (81, 13210);
insert into theory_beliefs (theory_id, beliefs_id) values (32, 17349);
insert into theory_beliefs (theory_id, beliefs_id) values (59, 1874);
insert into theory_beliefs (theory_id, beliefs_id) values (66, 16328);
insert into theory_beliefs (theory_id, beliefs_id) values (20, 11739);
insert into theory_beliefs (theory_id, beliefs_id) values (42, 5878);
insert into theory_beliefs (theory_id, beliefs_id) values (94, 17608);

-- Explanation table --

insert into explanation (id, date_explained, belief_id, domain_id) values (1, '2022-05-28 20:17:29', 4, 826);
insert into explanation (id, date_explained, belief_id, domain_id) values (2, '2022-07-15 17:10:29', 12, 647);
insert into explanation (id, date_explained, belief_id, domain_id) values (3, '2023-02-17 20:24:28', 65, 403);
insert into explanation (id, date_explained, belief_id, domain_id) values (4, '2023-02-05 21:38:03', 109, 16);
insert into explanation (id, date_explained, belief_id, domain_id) values (5, '2022-02-21 01:45:42', 21, 129);
insert into explanation (id, date_explained, belief_id, domain_id) values (6, '2021-02-22 15:03:26', 92, 489);
insert into explanation (id, date_explained, belief_id, domain_id) values (7, '2021-08-06 21:20:54', 64, 446);
insert into explanation (id, date_explained, belief_id, domain_id) values (8, '2023-01-01 05:17:02', 102, 138);
insert into explanation (id, date_explained, belief_id, domain_id) values (9, '2022-01-16 06:25:20', 138, 913);
insert into explanation (id, date_explained, belief_id, domain_id) values (10, '2022-05-08 17:20:34', 7, 333);
insert into explanation (id, date_explained, belief_id, domain_id) values (11, '2022-03-20 12:04:22', 172, 772);
insert into explanation (id, date_explained, belief_id, domain_id) values (12, '2023-02-21 00:16:48', 18, 891);
insert into explanation (id, date_explained, belief_id, domain_id) values (13, '2021-12-06 21:05:14', 171, 666);
insert into explanation (id, date_explained, belief_id, domain_id) values (14, '2020-11-24 13:53:57', 198, 516);
insert into explanation (id, date_explained, belief_id, domain_id) values (15, '2022-10-27 18:18:42', 175, 698);
insert into explanation (id, date_explained, belief_id, domain_id) values (16, '2023-02-24 11:34:13', 100, 96);
insert into explanation (id, date_explained, belief_id, domain_id) values (17, '2021-01-21 12:55:43', 62, 993);
insert into explanation (id, date_explained, belief_id, domain_id) values (18, '2022-01-07 09:06:47', 153, 83);
insert into explanation (id, date_explained, belief_id, domain_id) values (19, '2022-05-05 03:01:50', 172, 884);
insert into explanation (id, date_explained, belief_id, domain_id) values (20, '2021-12-05 17:10:33', 135, 419);
insert into explanation (id, date_explained, belief_id, domain_id) values (21, '2021-09-23 22:20:29', 90, 868);
insert into explanation (id, date_explained, belief_id, domain_id) values (22, '2021-05-13 02:17:21', 80, 524);
insert into explanation (id, date_explained, belief_id, domain_id) values (23, '2023-02-02 22:07:12', 71, 400);
insert into explanation (id, date_explained, belief_id, domain_id) values (24, '2021-08-02 01:32:54', 113, 123);
insert into explanation (id, date_explained, belief_id, domain_id) values (25, '2021-06-03 18:21:54', 64, 565);
insert into explanation (id, date_explained, belief_id, domain_id) values (26, '2023-04-21 20:21:19', 75, 302);
insert into explanation (id, date_explained, belief_id, domain_id) values (27, '2020-12-25 21:17:43', 124, 223);
insert into explanation (id, date_explained, belief_id, domain_id) values (28, '2021-08-02 01:10:37', 93, 885);
insert into explanation (id, date_explained, belief_id, domain_id) values (29, '2021-11-06 20:21:38', 124, 165);
insert into explanation (id, date_explained, belief_id, domain_id) values (30, '2021-09-11 19:04:24', 101, 947);
insert into explanation (id, date_explained, belief_id, domain_id) values (31, '2021-10-07 12:24:03', 170, 925);
insert into explanation (id, date_explained, belief_id, domain_id) values (32, '2023-01-19 20:25:48', 86, 881);
insert into explanation (id, date_explained, belief_id, domain_id) values (33, '2023-01-29 22:02:44', 42, 196);
insert into explanation (id, date_explained, belief_id, domain_id) values (34, '2023-03-16 13:03:54', 150, 436);
insert into explanation (id, date_explained, belief_id, domain_id) values (35, '2022-07-15 12:51:46', 78, 910);
insert into explanation (id, date_explained, belief_id, domain_id) values (36, '2021-06-30 12:50:17', 146, 481);
insert into explanation (id, date_explained, belief_id, domain_id) values (37, '2022-01-09 17:29:35', 31, 105);
insert into explanation (id, date_explained, belief_id, domain_id) values (38, '2021-03-14 21:41:46', 84, 455);
insert into explanation (id, date_explained, belief_id, domain_id) values (39, '2023-05-27 20:27:48', 87, 302);
insert into explanation (id, date_explained, belief_id, domain_id) values (40, '2022-07-10 00:52:38', 166, 221);
insert into explanation (id, date_explained, belief_id, domain_id) values (41, '2022-03-16 15:33:55', 55, 464);
insert into explanation (id, date_explained, belief_id, domain_id) values (42, '2021-11-20 13:17:40', 197, 6);
insert into explanation (id, date_explained, belief_id, domain_id) values (43, '2023-03-14 19:31:25', 75, 378);
insert into explanation (id, date_explained, belief_id, domain_id) values (44, '2021-06-10 07:41:20', 156, 988);
insert into explanation (id, date_explained, belief_id, domain_id) values (45, '2022-03-05 08:47:52', 178, 542);
insert into explanation (id, date_explained, belief_id, domain_id) values (46, '2022-10-05 06:28:11', 193, 472);
insert into explanation (id, date_explained, belief_id, domain_id) values (47, '2022-03-27 00:05:21', 107, 84);
insert into explanation (id, date_explained, belief_id, domain_id) values (48, '2022-10-03 22:06:20', 148, 748);
insert into explanation (id, date_explained, belief_id, domain_id) values (49, '2021-04-22 09:30:49', 185, 951);
insert into explanation (id, date_explained, belief_id, domain_id) values (50, '2023-01-27 06:01:32', 59, 696);
insert into explanation (id, date_explained, belief_id, domain_id) values (51, '2022-02-01 11:18:42', 42, 343);
insert into explanation (id, date_explained, belief_id, domain_id) values (52, '2022-03-25 06:55:35', 108, 140);
insert into explanation (id, date_explained, belief_id, domain_id) values (53, '2021-01-16 18:36:09', 5, 560);
insert into explanation (id, date_explained, belief_id, domain_id) values (54, '2022-07-04 23:14:23', 189, 145);
insert into explanation (id, date_explained, belief_id, domain_id) values (55, '2021-08-07 13:06:13', 75, 251);
insert into explanation (id, date_explained, belief_id, domain_id) values (56, '2022-03-05 05:37:04', 100, 870);
insert into explanation (id, date_explained, belief_id, domain_id) values (57, '2022-12-17 23:20:45', 146, 46);
insert into explanation (id, date_explained, belief_id, domain_id) values (58, '2022-03-14 23:58:17', 115, 267);
insert into explanation (id, date_explained, belief_id, domain_id) values (59, '2021-11-14 13:45:05', 6, 992);
insert into explanation (id, date_explained, belief_id, domain_id) values (60, '2022-04-21 06:34:06', 89, 4);
insert into explanation (id, date_explained, belief_id, domain_id) values (61, '2021-02-15 04:55:11', 20, 174);
insert into explanation (id, date_explained, belief_id, domain_id) values (62, '2021-10-06 22:46:12', 138, 188);
insert into explanation (id, date_explained, belief_id, domain_id) values (63, '2021-06-08 16:26:50', 89, 543);
insert into explanation (id, date_explained, belief_id, domain_id) values (64, '2021-11-22 07:27:23', 94, 993);
insert into explanation (id, date_explained, belief_id, domain_id) values (65, '2021-07-13 07:31:32', 175, 283);
insert into explanation (id, date_explained, belief_id, domain_id) values (66, '2022-05-17 10:05:53', 196, 803);
insert into explanation (id, date_explained, belief_id, domain_id) values (67, '2022-11-11 17:14:34', 16, 852);
insert into explanation (id, date_explained, belief_id, domain_id) values (68, '2021-05-01 00:56:28', 86, 435);
insert into explanation (id, date_explained, belief_id, domain_id) values (69, '2021-01-19 23:59:58', 162, 413);
insert into explanation (id, date_explained, belief_id, domain_id) values (70, '2022-04-17 20:26:28', 22, 678);
insert into explanation (id, date_explained, belief_id, domain_id) values (71, '2022-04-14 05:27:55', 190, 352);
insert into explanation (id, date_explained, belief_id, domain_id) values (72, '2023-01-20 02:14:51', 69, 348);
insert into explanation (id, date_explained, belief_id, domain_id) values (73, '2021-10-21 15:45:03', 192, 219);
insert into explanation (id, date_explained, belief_id, domain_id) values (74, '2023-05-22 00:42:31', 192, 970);
insert into explanation (id, date_explained, belief_id, domain_id) values (75, '2022-12-20 09:12:24', 174, 962);
insert into explanation (id, date_explained, belief_id, domain_id) values (76, '2021-04-20 16:05:03', 90, 209);
insert into explanation (id, date_explained, belief_id, domain_id) values (77, '2022-04-27 21:44:16', 135, 370);
insert into explanation (id, date_explained, belief_id, domain_id) values (78, '2022-07-15 16:21:52', 152, 227);
insert into explanation (id, date_explained, belief_id, domain_id) values (79, '2021-12-09 11:37:08', 184, 976);
insert into explanation (id, date_explained, belief_id, domain_id) values (80, '2023-01-06 18:09:31', 66, 161);
insert into explanation (id, date_explained, belief_id, domain_id) values (81, '2021-07-18 12:20:58', 90, 233);
insert into explanation (id, date_explained, belief_id, domain_id) values (82, '2022-02-23 17:41:24', 34, 172);
insert into explanation (id, date_explained, belief_id, domain_id) values (83, '2021-07-13 22:43:47', 54, 87);
insert into explanation (id, date_explained, belief_id, domain_id) values (84, '2021-10-15 16:41:18', 2, 26);
insert into explanation (id, date_explained, belief_id, domain_id) values (85, '2021-10-14 20:53:15', 170, 828);
insert into explanation (id, date_explained, belief_id, domain_id) values (86, '2023-05-14 06:07:23', 85, 295);
insert into explanation (id, date_explained, belief_id, domain_id) values (87, '2021-07-19 12:37:30', 175, 644);
insert into explanation (id, date_explained, belief_id, domain_id) values (88, '2021-08-21 12:05:06', 181, 875);
insert into explanation (id, date_explained, belief_id, domain_id) values (89, '2022-09-13 14:26:08', 33, 877);
insert into explanation (id, date_explained, belief_id, domain_id) values (90, '2021-09-29 23:45:09', 149, 600);
insert into explanation (id, date_explained, belief_id, domain_id) values (91, '2023-03-07 21:09:29', 25, 399);
insert into explanation (id, date_explained, belief_id, domain_id) values (92, '2021-03-06 14:24:49', 117, 587);
insert into explanation (id, date_explained, belief_id, domain_id) values (93, '2022-09-09 07:32:50', 27, 539);
insert into explanation (id, date_explained, belief_id, domain_id) values (94, '2023-04-11 06:56:36', 200, 198);
insert into explanation (id, date_explained, belief_id, domain_id) values (95, '2021-03-20 20:00:24', 119, 168);
insert into explanation (id, date_explained, belief_id, domain_id) values (96, '2021-01-16 03:31:46', 113, 407);
insert into explanation (id, date_explained, belief_id, domain_id) values (97, '2021-11-08 18:15:57', 84, 401);
insert into explanation (id, date_explained, belief_id, domain_id) values (98, '2022-06-14 18:37:10', 73, 43);
insert into explanation (id, date_explained, belief_id, domain_id) values (99, '2021-09-09 07:19:55', 154, 181);
insert into explanation (id, date_explained, belief_id, domain_id) values (100, '2021-08-19 16:10:29', 88, 374);
insert into explanation (id, date_explained, belief_id, domain_id) values (101, '2021-02-25 07:10:31', 73, 388);
insert into explanation (id, date_explained, belief_id, domain_id) values (102, '2021-05-13 22:56:02', 87, 78);
insert into explanation (id, date_explained, belief_id, domain_id) values (103, '2022-01-05 12:38:07', 119, 165);
insert into explanation (id, date_explained, belief_id, domain_id) values (104, '2022-05-27 04:23:10', 36, 342);
insert into explanation (id, date_explained, belief_id, domain_id) values (105, '2022-06-19 00:16:29', 119, 433);
insert into explanation (id, date_explained, belief_id, domain_id) values (106, '2022-01-19 08:53:07', 3, 893);
insert into explanation (id, date_explained, belief_id, domain_id) values (107, '2023-05-02 11:44:56', 153, 566);
insert into explanation (id, date_explained, belief_id, domain_id) values (108, '2021-02-01 14:56:42', 170, 14);
insert into explanation (id, date_explained, belief_id, domain_id) values (109, '2021-08-11 11:49:37', 74, 336);
insert into explanation (id, date_explained, belief_id, domain_id) values (110, '2023-01-07 13:02:28', 120, 940);
insert into explanation (id, date_explained, belief_id, domain_id) values (111, '2021-09-21 04:57:26', 15, 564);
insert into explanation (id, date_explained, belief_id, domain_id) values (112, '2023-03-22 13:36:49', 77, 674);
insert into explanation (id, date_explained, belief_id, domain_id) values (113, '2022-03-06 00:45:04', 151, 95);
insert into explanation (id, date_explained, belief_id, domain_id) values (114, '2023-05-31 04:15:57', 13, 27);
insert into explanation (id, date_explained, belief_id, domain_id) values (115, '2021-03-17 22:38:19', 155, 90);
insert into explanation (id, date_explained, belief_id, domain_id) values (116, '2021-09-24 20:46:40', 17, 153);
insert into explanation (id, date_explained, belief_id, domain_id) values (117, '2023-01-31 03:03:20', 42, 139);
insert into explanation (id, date_explained, belief_id, domain_id) values (118, '2021-10-27 19:34:33', 1, 40);
insert into explanation (id, date_explained, belief_id, domain_id) values (119, '2022-11-22 12:43:51', 182, 45);
insert into explanation (id, date_explained, belief_id, domain_id) values (120, '2023-02-12 04:19:04', 6, 502);
insert into explanation (id, date_explained, belief_id, domain_id) values (121, '2021-06-04 15:37:22', 73, 486);
insert into explanation (id, date_explained, belief_id, domain_id) values (122, '2022-04-12 03:57:45', 195, 994);
insert into explanation (id, date_explained, belief_id, domain_id) values (123, '2022-12-11 14:36:17', 111, 521);
insert into explanation (id, date_explained, belief_id, domain_id) values (124, '2021-11-26 09:13:50', 118, 315);
insert into explanation (id, date_explained, belief_id, domain_id) values (125, '2022-08-10 17:25:08', 140, 205);
insert into explanation (id, date_explained, belief_id, domain_id) values (126, '2022-03-02 11:36:23', 101, 999);
insert into explanation (id, date_explained, belief_id, domain_id) values (127, '2021-07-05 18:12:27', 117, 476);
insert into explanation (id, date_explained, belief_id, domain_id) values (128, '2022-09-04 22:15:17', 31, 698);
insert into explanation (id, date_explained, belief_id, domain_id) values (129, '2023-02-16 20:11:34', 65, 531);
insert into explanation (id, date_explained, belief_id, domain_id) values (130, '2021-09-05 06:20:37', 121, 326);
insert into explanation (id, date_explained, belief_id, domain_id) values (131, '2022-05-29 20:09:15', 103, 328);
insert into explanation (id, date_explained, belief_id, domain_id) values (132, '2022-01-18 11:21:21', 173, 756);
insert into explanation (id, date_explained, belief_id, domain_id) values (133, '2023-01-03 04:19:56', 104, 861);
insert into explanation (id, date_explained, belief_id, domain_id) values (134, '2022-08-03 21:34:44', 39, 174);
insert into explanation (id, date_explained, belief_id, domain_id) values (135, '2022-07-23 10:54:48', 151, 403);
insert into explanation (id, date_explained, belief_id, domain_id) values (136, '2022-03-17 11:12:17', 62, 201);
insert into explanation (id, date_explained, belief_id, domain_id) values (137, '2022-05-28 10:33:05', 66, 74);
insert into explanation (id, date_explained, belief_id, domain_id) values (138, '2021-09-24 22:32:53', 62, 47);
insert into explanation (id, date_explained, belief_id, domain_id) values (139, '2021-06-11 20:52:45', 45, 525);
insert into explanation (id, date_explained, belief_id, domain_id) values (140, '2022-10-19 12:57:27', 152, 119);
insert into explanation (id, date_explained, belief_id, domain_id) values (141, '2021-04-29 10:12:37', 132, 682);
insert into explanation (id, date_explained, belief_id, domain_id) values (142, '2022-01-09 15:58:55', 199, 82);
insert into explanation (id, date_explained, belief_id, domain_id) values (143, '2022-07-08 17:32:19', 25, 935);
insert into explanation (id, date_explained, belief_id, domain_id) values (144, '2021-10-10 19:38:59', 140, 890);
insert into explanation (id, date_explained, belief_id, domain_id) values (145, '2022-07-29 18:33:37', 61, 882);
insert into explanation (id, date_explained, belief_id, domain_id) values (146, '2022-03-07 05:22:51', 50, 197);
insert into explanation (id, date_explained, belief_id, domain_id) values (147, '2022-08-05 17:16:54', 61, 543);
insert into explanation (id, date_explained, belief_id, domain_id) values (148, '2021-01-23 21:36:55', 77, 497);
insert into explanation (id, date_explained, belief_id, domain_id) values (149, '2022-01-10 07:18:43', 148, 350);
insert into explanation (id, date_explained, belief_id, domain_id) values (150, '2023-02-12 12:34:26', 107, 552);
insert into explanation (id, date_explained, belief_id, domain_id) values (151, '2022-01-26 01:18:36', 156, 993);
insert into explanation (id, date_explained, belief_id, domain_id) values (152, '2021-01-14 09:37:12', 21, 130);
insert into explanation (id, date_explained, belief_id, domain_id) values (153, '2021-06-28 21:23:02', 141, 464);
insert into explanation (id, date_explained, belief_id, domain_id) values (154, '2022-09-06 07:00:11', 48, 831);
insert into explanation (id, date_explained, belief_id, domain_id) values (155, '2022-07-09 02:05:28', 62, 518);
insert into explanation (id, date_explained, belief_id, domain_id) values (156, '2023-01-18 04:07:33', 25, 305);
insert into explanation (id, date_explained, belief_id, domain_id) values (157, '2023-02-10 12:35:49', 101, 486);
insert into explanation (id, date_explained, belief_id, domain_id) values (158, '2022-01-14 04:08:14', 10, 967);
insert into explanation (id, date_explained, belief_id, domain_id) values (159, '2022-07-11 04:59:21', 25, 152);
insert into explanation (id, date_explained, belief_id, domain_id) values (160, '2022-04-25 00:24:18', 109, 239);
insert into explanation (id, date_explained, belief_id, domain_id) values (161, '2021-01-09 11:44:55', 25, 183);
insert into explanation (id, date_explained, belief_id, domain_id) values (162, '2022-06-17 18:53:21', 61, 704);
insert into explanation (id, date_explained, belief_id, domain_id) values (163, '2022-04-28 07:00:17', 140, 689);
insert into explanation (id, date_explained, belief_id, domain_id) values (164, '2021-05-26 07:44:05', 12, 791);
insert into explanation (id, date_explained, belief_id, domain_id) values (165, '2021-05-27 07:43:02', 142, 582);
insert into explanation (id, date_explained, belief_id, domain_id) values (166, '2021-11-10 07:52:03', 138, 956);
insert into explanation (id, date_explained, belief_id, domain_id) values (167, '2022-09-29 17:58:41', 193, 733);
insert into explanation (id, date_explained, belief_id, domain_id) values (168, '2022-10-30 14:14:48', 110, 711);
insert into explanation (id, date_explained, belief_id, domain_id) values (169, '2021-03-30 02:39:28', 126, 565);
insert into explanation (id, date_explained, belief_id, domain_id) values (170, '2022-06-27 03:13:55', 158, 320);
insert into explanation (id, date_explained, belief_id, domain_id) values (171, '2022-12-25 09:27:27', 166, 438);
insert into explanation (id, date_explained, belief_id, domain_id) values (172, '2023-03-17 17:29:44', 43, 718);
insert into explanation (id, date_explained, belief_id, domain_id) values (173, '2023-04-06 23:01:44', 15, 70);
insert into explanation (id, date_explained, belief_id, domain_id) values (174, '2022-01-11 13:15:53', 103, 494);
insert into explanation (id, date_explained, belief_id, domain_id) values (175, '2022-05-05 01:33:37', 73, 849);
insert into explanation (id, date_explained, belief_id, domain_id) values (176, '2021-08-17 09:43:11', 128, 125);
insert into explanation (id, date_explained, belief_id, domain_id) values (177, '2021-06-29 01:15:35', 145, 654);
insert into explanation (id, date_explained, belief_id, domain_id) values (178, '2022-11-27 23:52:55', 161, 84);
insert into explanation (id, date_explained, belief_id, domain_id) values (179, '2021-05-26 19:21:00', 4, 407);
insert into explanation (id, date_explained, belief_id, domain_id) values (180, '2023-03-08 09:29:33', 72, 562);
insert into explanation (id, date_explained, belief_id, domain_id) values (181, '2022-05-28 16:26:25', 189, 626);
insert into explanation (id, date_explained, belief_id, domain_id) values (182, '2020-12-07 15:31:59', 187, 854);
insert into explanation (id, date_explained, belief_id, domain_id) values (183, '2023-04-13 11:58:39', 125, 517);
insert into explanation (id, date_explained, belief_id, domain_id) values (184, '2021-01-25 16:22:48', 78, 988);
insert into explanation (id, date_explained, belief_id, domain_id) values (185, '2021-09-24 15:00:29', 73, 270);
insert into explanation (id, date_explained, belief_id, domain_id) values (186, '2021-11-25 16:13:18', 42, 189);
insert into explanation (id, date_explained, belief_id, domain_id) values (187, '2021-01-10 06:35:04', 197, 913);
insert into explanation (id, date_explained, belief_id, domain_id) values (188, '2022-09-26 15:42:34', 151, 647);
insert into explanation (id, date_explained, belief_id, domain_id) values (189, '2021-07-26 10:07:39', 97, 640);
insert into explanation (id, date_explained, belief_id, domain_id) values (190, '2023-04-05 05:04:41', 41, 960);
insert into explanation (id, date_explained, belief_id, domain_id) values (191, '2022-10-04 18:49:51', 109, 43);
insert into explanation (id, date_explained, belief_id, domain_id) values (192, '2022-04-23 00:32:50', 7, 748);
insert into explanation (id, date_explained, belief_id, domain_id) values (193, '2023-02-20 00:36:48', 41, 620);
insert into explanation (id, date_explained, belief_id, domain_id) values (194, '2022-08-19 19:54:54', 168, 84);
insert into explanation (id, date_explained, belief_id, domain_id) values (195, '2020-12-13 06:21:39', 180, 443);
insert into explanation (id, date_explained, belief_id, domain_id) values (196, '2021-10-12 23:47:26', 117, 459);
insert into explanation (id, date_explained, belief_id, domain_id) values (197, '2023-03-17 05:04:02', 43, 795);
insert into explanation (id, date_explained, belief_id, domain_id) values (198, '2023-05-11 16:07:17', 12, 427);
insert into explanation (id, date_explained, belief_id, domain_id) values (199, '2021-03-06 07:58:00', 41, 424);
insert into explanation (id, date_explained, belief_id, domain_id) values (200, '2022-03-28 10:40:42', 93, 729);
insert into explanation (id, date_explained, belief_id, domain_id) values (201, '2022-04-09 08:22:06', 111, 334);
insert into explanation (id, date_explained, belief_id, domain_id) values (202, '2022-03-06 20:25:38', 108, 271);
insert into explanation (id, date_explained, belief_id, domain_id) values (203, '2022-06-18 13:48:30', 192, 560);
insert into explanation (id, date_explained, belief_id, domain_id) values (204, '2023-05-03 19:59:30', 156, 938);
insert into explanation (id, date_explained, belief_id, domain_id) values (205, '2021-02-11 20:56:26', 41, 24);
insert into explanation (id, date_explained, belief_id, domain_id) values (206, '2021-10-01 01:22:26', 45, 741);
insert into explanation (id, date_explained, belief_id, domain_id) values (207, '2022-05-26 15:32:27', 150, 565);
insert into explanation (id, date_explained, belief_id, domain_id) values (208, '2022-11-12 12:18:46', 33, 180);
insert into explanation (id, date_explained, belief_id, domain_id) values (209, '2022-08-09 00:21:47', 145, 564);
insert into explanation (id, date_explained, belief_id, domain_id) values (210, '2021-07-11 12:25:15', 88, 552);
insert into explanation (id, date_explained, belief_id, domain_id) values (211, '2021-08-25 02:56:16', 175, 784);
insert into explanation (id, date_explained, belief_id, domain_id) values (212, '2022-03-28 13:28:34', 61, 469);
insert into explanation (id, date_explained, belief_id, domain_id) values (213, '2021-08-05 23:17:44', 54, 226);
insert into explanation (id, date_explained, belief_id, domain_id) values (214, '2022-02-26 20:29:55', 184, 700);
insert into explanation (id, date_explained, belief_id, domain_id) values (215, '2023-04-26 20:54:34', 180, 410);
insert into explanation (id, date_explained, belief_id, domain_id) values (216, '2022-03-08 20:37:50', 34, 733);
insert into explanation (id, date_explained, belief_id, domain_id) values (217, '2020-12-26 04:23:26', 110, 175);
insert into explanation (id, date_explained, belief_id, domain_id) values (218, '2023-04-30 15:57:35', 91, 627);
insert into explanation (id, date_explained, belief_id, domain_id) values (219, '2023-04-08 03:24:32', 138, 412);
insert into explanation (id, date_explained, belief_id, domain_id) values (220, '2022-03-07 00:46:03', 173, 298);
insert into explanation (id, date_explained, belief_id, domain_id) values (221, '2021-05-24 09:01:30', 130, 529);
insert into explanation (id, date_explained, belief_id, domain_id) values (222, '2021-03-04 15:09:59', 133, 442);
insert into explanation (id, date_explained, belief_id, domain_id) values (223, '2023-02-23 04:57:25', 140, 613);
insert into explanation (id, date_explained, belief_id, domain_id) values (224, '2021-06-08 05:48:03', 52, 45);
insert into explanation (id, date_explained, belief_id, domain_id) values (225, '2022-10-03 16:16:17', 49, 863);
insert into explanation (id, date_explained, belief_id, domain_id) values (226, '2023-03-07 04:08:08', 176, 577);
insert into explanation (id, date_explained, belief_id, domain_id) values (227, '2022-06-16 23:28:08', 124, 207);
insert into explanation (id, date_explained, belief_id, domain_id) values (228, '2022-05-20 20:00:17', 183, 616);
insert into explanation (id, date_explained, belief_id, domain_id) values (229, '2022-05-21 06:10:40', 140, 632);
insert into explanation (id, date_explained, belief_id, domain_id) values (230, '2022-07-04 03:18:09', 193, 57);
insert into explanation (id, date_explained, belief_id, domain_id) values (231, '2022-01-04 01:01:43', 74, 282);
insert into explanation (id, date_explained, belief_id, domain_id) values (232, '2022-12-29 05:34:09', 33, 366);
insert into explanation (id, date_explained, belief_id, domain_id) values (233, '2023-02-12 08:07:59', 20, 72);
insert into explanation (id, date_explained, belief_id, domain_id) values (234, '2021-09-05 15:46:21', 65, 822);
insert into explanation (id, date_explained, belief_id, domain_id) values (235, '2021-10-15 01:29:10', 46, 697);
insert into explanation (id, date_explained, belief_id, domain_id) values (236, '2022-08-22 06:35:39', 144, 341);
insert into explanation (id, date_explained, belief_id, domain_id) values (237, '2022-12-21 21:17:38', 57, 848);
insert into explanation (id, date_explained, belief_id, domain_id) values (238, '2021-03-27 06:17:17', 164, 447);
insert into explanation (id, date_explained, belief_id, domain_id) values (239, '2021-02-23 12:23:50', 97, 687);
insert into explanation (id, date_explained, belief_id, domain_id) values (240, '2023-03-06 20:13:50', 148, 518);
insert into explanation (id, date_explained, belief_id, domain_id) values (241, '2021-09-02 19:10:33', 48, 954);
insert into explanation (id, date_explained, belief_id, domain_id) values (242, '2022-07-23 05:51:46', 60, 941);
insert into explanation (id, date_explained, belief_id, domain_id) values (243, '2021-06-26 03:39:54', 37, 247);
insert into explanation (id, date_explained, belief_id, domain_id) values (244, '2022-09-09 10:41:10', 199, 156);
insert into explanation (id, date_explained, belief_id, domain_id) values (245, '2023-02-13 08:02:41', 41, 835);
insert into explanation (id, date_explained, belief_id, domain_id) values (246, '2022-06-10 03:31:18', 39, 601);
insert into explanation (id, date_explained, belief_id, domain_id) values (247, '2022-02-16 22:39:38', 127, 118);
insert into explanation (id, date_explained, belief_id, domain_id) values (248, '2022-08-04 12:34:58', 9, 992);
insert into explanation (id, date_explained, belief_id, domain_id) values (249, '2023-03-22 23:13:36', 141, 593);
insert into explanation (id, date_explained, belief_id, domain_id) values (250, '2021-09-15 22:25:32', 173, 934);
insert into explanation (id, date_explained, belief_id, domain_id) values (251, '2023-01-22 16:56:23', 193, 260);
insert into explanation (id, date_explained, belief_id, domain_id) values (252, '2021-11-28 01:18:09', 163, 61);
insert into explanation (id, date_explained, belief_id, domain_id) values (253, '2022-09-25 21:55:20', 28, 289);
insert into explanation (id, date_explained, belief_id, domain_id) values (254, '2022-10-30 00:03:03', 186, 834);
insert into explanation (id, date_explained, belief_id, domain_id) values (255, '2021-10-13 20:24:21', 71, 716);
insert into explanation (id, date_explained, belief_id, domain_id) values (256, '2021-08-06 20:25:28', 153, 166);
insert into explanation (id, date_explained, belief_id, domain_id) values (257, '2022-04-15 14:38:20', 48, 358);
insert into explanation (id, date_explained, belief_id, domain_id) values (258, '2022-09-17 02:53:03', 50, 345);
insert into explanation (id, date_explained, belief_id, domain_id) values (259, '2022-07-13 12:56:10', 22, 228);
insert into explanation (id, date_explained, belief_id, domain_id) values (260, '2021-07-14 22:20:01', 5, 366);
insert into explanation (id, date_explained, belief_id, domain_id) values (261, '2022-05-02 04:03:31', 179, 635);
insert into explanation (id, date_explained, belief_id, domain_id) values (262, '2021-10-07 05:49:10', 194, 851);
insert into explanation (id, date_explained, belief_id, domain_id) values (263, '2023-03-24 12:30:30', 154, 275);
insert into explanation (id, date_explained, belief_id, domain_id) values (264, '2022-11-20 23:49:28', 188, 639);
insert into explanation (id, date_explained, belief_id, domain_id) values (265, '2023-02-09 20:56:46', 45, 864);
insert into explanation (id, date_explained, belief_id, domain_id) values (266, '2021-04-18 22:40:07', 71, 451);
insert into explanation (id, date_explained, belief_id, domain_id) values (267, '2022-02-18 12:20:32', 158, 770);
insert into explanation (id, date_explained, belief_id, domain_id) values (268, '2021-04-17 12:36:21', 27, 948);
insert into explanation (id, date_explained, belief_id, domain_id) values (269, '2022-06-27 17:21:15', 191, 477);
insert into explanation (id, date_explained, belief_id, domain_id) values (270, '2021-12-18 02:09:05', 179, 628);
insert into explanation (id, date_explained, belief_id, domain_id) values (271, '2022-07-03 07:00:14', 132, 362);
insert into explanation (id, date_explained, belief_id, domain_id) values (272, '2022-11-08 00:50:12', 7, 488);
insert into explanation (id, date_explained, belief_id, domain_id) values (273, '2022-07-17 10:14:36', 89, 825);
insert into explanation (id, date_explained, belief_id, domain_id) values (274, '2023-04-10 12:07:42', 131, 167);
insert into explanation (id, date_explained, belief_id, domain_id) values (275, '2022-05-31 23:06:13', 82, 47);
insert into explanation (id, date_explained, belief_id, domain_id) values (276, '2021-10-24 01:21:08', 169, 311);
insert into explanation (id, date_explained, belief_id, domain_id) values (277, '2023-01-18 06:39:53', 53, 480);
insert into explanation (id, date_explained, belief_id, domain_id) values (278, '2021-06-11 12:49:16', 57, 72);
insert into explanation (id, date_explained, belief_id, domain_id) values (279, '2022-10-10 00:04:49', 62, 101);
insert into explanation (id, date_explained, belief_id, domain_id) values (280, '2021-03-09 04:22:59', 73, 432);
insert into explanation (id, date_explained, belief_id, domain_id) values (281, '2021-10-30 11:27:32', 66, 539);
insert into explanation (id, date_explained, belief_id, domain_id) values (282, '2022-06-18 11:53:56', 17, 42);
insert into explanation (id, date_explained, belief_id, domain_id) values (283, '2022-01-20 10:26:09', 159, 629);
insert into explanation (id, date_explained, belief_id, domain_id) values (284, '2021-04-03 07:08:43', 163, 636);
insert into explanation (id, date_explained, belief_id, domain_id) values (285, '2022-02-17 21:08:48', 68, 796);
insert into explanation (id, date_explained, belief_id, domain_id) values (286, '2021-01-15 03:27:03', 182, 673);
insert into explanation (id, date_explained, belief_id, domain_id) values (287, '2022-04-23 06:56:51', 117, 152);
insert into explanation (id, date_explained, belief_id, domain_id) values (288, '2022-10-27 05:31:25', 20, 584);
insert into explanation (id, date_explained, belief_id, domain_id) values (289, '2022-03-20 05:48:31', 185, 981);
insert into explanation (id, date_explained, belief_id, domain_id) values (290, '2022-04-21 21:34:57', 24, 97);
insert into explanation (id, date_explained, belief_id, domain_id) values (291, '2022-04-12 16:38:11', 108, 624);
insert into explanation (id, date_explained, belief_id, domain_id) values (292, '2023-02-24 12:48:45', 133, 176);
insert into explanation (id, date_explained, belief_id, domain_id) values (293, '2022-12-23 09:01:55', 91, 348);
insert into explanation (id, date_explained, belief_id, domain_id) values (294, '2022-01-05 23:48:43', 127, 580);
insert into explanation (id, date_explained, belief_id, domain_id) values (295, '2022-07-16 02:21:59', 5, 750);
insert into explanation (id, date_explained, belief_id, domain_id) values (296, '2020-12-30 07:00:04', 2, 979);
insert into explanation (id, date_explained, belief_id, domain_id) values (297, '2021-01-25 17:49:55', 184, 924);
insert into explanation (id, date_explained, belief_id, domain_id) values (298, '2022-08-25 13:44:57', 13, 277);
insert into explanation (id, date_explained, belief_id, domain_id) values (299, '2023-03-03 23:43:14', 192, 710);
insert into explanation (id, date_explained, belief_id, domain_id) values (300, '2022-11-16 20:33:37', 20, 446);
insert into explanation (id, date_explained, belief_id, domain_id) values (301, '2021-10-30 12:49:03', 8, 195);
insert into explanation (id, date_explained, belief_id, domain_id) values (302, '2022-01-18 18:55:49', 77, 430);
insert into explanation (id, date_explained, belief_id, domain_id) values (303, '2022-03-27 17:31:40', 170, 570);
insert into explanation (id, date_explained, belief_id, domain_id) values (304, '2022-03-10 01:09:51', 190, 527);
insert into explanation (id, date_explained, belief_id, domain_id) values (305, '2021-10-25 16:18:58', 122, 494);
insert into explanation (id, date_explained, belief_id, domain_id) values (306, '2022-10-16 03:16:50', 45, 110);
insert into explanation (id, date_explained, belief_id, domain_id) values (307, '2023-04-08 17:01:44', 1, 270);
insert into explanation (id, date_explained, belief_id, domain_id) values (308, '2022-01-02 19:07:57', 57, 665);
insert into explanation (id, date_explained, belief_id, domain_id) values (309, '2020-12-23 13:30:15', 99, 569);
insert into explanation (id, date_explained, belief_id, domain_id) values (310, '2021-05-23 20:29:08', 87, 751);
insert into explanation (id, date_explained, belief_id, domain_id) values (311, '2021-01-05 01:14:55', 156, 66);
insert into explanation (id, date_explained, belief_id, domain_id) values (312, '2022-09-19 23:46:49', 86, 469);
insert into explanation (id, date_explained, belief_id, domain_id) values (313, '2021-08-24 00:37:25', 87, 337);
insert into explanation (id, date_explained, belief_id, domain_id) values (314, '2022-12-01 10:33:20', 85, 10);
insert into explanation (id, date_explained, belief_id, domain_id) values (315, '2022-10-16 09:44:03', 24, 832);
insert into explanation (id, date_explained, belief_id, domain_id) values (316, '2022-12-06 19:55:32', 128, 967);
insert into explanation (id, date_explained, belief_id, domain_id) values (317, '2021-04-27 01:57:25', 1, 463);
insert into explanation (id, date_explained, belief_id, domain_id) values (318, '2022-03-29 05:56:05', 168, 519);
insert into explanation (id, date_explained, belief_id, domain_id) values (319, '2023-03-03 15:16:32', 69, 974);
insert into explanation (id, date_explained, belief_id, domain_id) values (320, '2021-06-02 13:47:09', 107, 398);
insert into explanation (id, date_explained, belief_id, domain_id) values (321, '2022-07-16 16:50:20', 191, 578);
insert into explanation (id, date_explained, belief_id, domain_id) values (322, '2021-01-28 04:24:58', 137, 781);
insert into explanation (id, date_explained, belief_id, domain_id) values (323, '2023-05-18 01:38:43', 172, 699);
insert into explanation (id, date_explained, belief_id, domain_id) values (324, '2023-05-17 18:48:50', 52, 161);
insert into explanation (id, date_explained, belief_id, domain_id) values (325, '2022-01-14 23:07:39', 16, 112);
insert into explanation (id, date_explained, belief_id, domain_id) values (326, '2023-01-13 14:46:26', 163, 662);
insert into explanation (id, date_explained, belief_id, domain_id) values (327, '2021-12-31 00:44:50', 46, 167);
insert into explanation (id, date_explained, belief_id, domain_id) values (328, '2022-02-07 21:03:46', 24, 362);
insert into explanation (id, date_explained, belief_id, domain_id) values (329, '2023-04-30 16:53:00', 185, 662);
insert into explanation (id, date_explained, belief_id, domain_id) values (330, '2021-05-04 00:52:47', 143, 287);
insert into explanation (id, date_explained, belief_id, domain_id) values (331, '2021-08-03 21:56:58', 145, 45);
insert into explanation (id, date_explained, belief_id, domain_id) values (332, '2022-11-01 11:15:19', 181, 393);
insert into explanation (id, date_explained, belief_id, domain_id) values (333, '2021-04-27 08:43:35', 199, 654);
insert into explanation (id, date_explained, belief_id, domain_id) values (334, '2021-10-22 05:46:35', 139, 941);
insert into explanation (id, date_explained, belief_id, domain_id) values (335, '2022-09-02 15:05:04', 49, 445);
insert into explanation (id, date_explained, belief_id, domain_id) values (336, '2022-09-24 16:22:16', 91, 895);
insert into explanation (id, date_explained, belief_id, domain_id) values (337, '2021-07-17 14:57:23', 13, 592);
insert into explanation (id, date_explained, belief_id, domain_id) values (338, '2021-01-29 16:28:49', 29, 44);
insert into explanation (id, date_explained, belief_id, domain_id) values (339, '2021-02-07 02:50:49', 152, 168);
insert into explanation (id, date_explained, belief_id, domain_id) values (340, '2022-04-01 23:10:36', 126, 755);
insert into explanation (id, date_explained, belief_id, domain_id) values (341, '2021-01-17 23:33:00', 123, 465);
insert into explanation (id, date_explained, belief_id, domain_id) values (342, '2021-06-09 04:20:11', 63, 323);
insert into explanation (id, date_explained, belief_id, domain_id) values (343, '2021-04-23 12:56:13', 5, 21);
insert into explanation (id, date_explained, belief_id, domain_id) values (344, '2020-12-18 22:19:43', 8, 80);
insert into explanation (id, date_explained, belief_id, domain_id) values (345, '2021-06-04 04:51:58', 122, 59);
insert into explanation (id, date_explained, belief_id, domain_id) values (346, '2020-12-13 21:06:49', 81, 416);
insert into explanation (id, date_explained, belief_id, domain_id) values (347, '2022-04-26 05:59:50', 93, 855);
insert into explanation (id, date_explained, belief_id, domain_id) values (348, '2022-11-23 06:42:11', 136, 296);
insert into explanation (id, date_explained, belief_id, domain_id) values (349, '2022-10-10 09:41:28', 15, 633);
insert into explanation (id, date_explained, belief_id, domain_id) values (350, '2021-05-11 03:55:30', 191, 607);
insert into explanation (id, date_explained, belief_id, domain_id) values (351, '2021-02-20 08:05:22', 30, 168);
insert into explanation (id, date_explained, belief_id, domain_id) values (352, '2022-04-11 21:10:01', 106, 826);
insert into explanation (id, date_explained, belief_id, domain_id) values (353, '2021-04-02 00:26:59', 163, 114);
insert into explanation (id, date_explained, belief_id, domain_id) values (354, '2021-12-20 15:58:09', 162, 162);
insert into explanation (id, date_explained, belief_id, domain_id) values (355, '2021-06-07 07:32:03', 130, 438);
insert into explanation (id, date_explained, belief_id, domain_id) values (356, '2022-07-17 17:37:22', 11, 47);
insert into explanation (id, date_explained, belief_id, domain_id) values (357, '2022-02-24 14:51:59', 125, 200);
insert into explanation (id, date_explained, belief_id, domain_id) values (358, '2021-05-31 04:35:36', 25, 889);
insert into explanation (id, date_explained, belief_id, domain_id) values (359, '2021-03-09 08:08:54', 32, 6);
insert into explanation (id, date_explained, belief_id, domain_id) values (360, '2021-01-08 20:14:10', 128, 534);
insert into explanation (id, date_explained, belief_id, domain_id) values (361, '2023-04-13 16:20:20', 38, 215);
insert into explanation (id, date_explained, belief_id, domain_id) values (362, '2021-01-10 13:57:13', 6, 830);
insert into explanation (id, date_explained, belief_id, domain_id) values (363, '2023-02-18 21:57:01', 119, 879);
insert into explanation (id, date_explained, belief_id, domain_id) values (364, '2023-04-14 23:05:08', 12, 472);
insert into explanation (id, date_explained, belief_id, domain_id) values (365, '2021-01-31 07:16:19', 154, 122);
insert into explanation (id, date_explained, belief_id, domain_id) values (366, '2021-04-16 01:44:57', 156, 508);
insert into explanation (id, date_explained, belief_id, domain_id) values (367, '2022-04-18 12:57:56', 72, 830);
insert into explanation (id, date_explained, belief_id, domain_id) values (368, '2022-01-27 10:22:02', 151, 556);
insert into explanation (id, date_explained, belief_id, domain_id) values (369, '2022-06-20 00:34:59', 136, 373);
insert into explanation (id, date_explained, belief_id, domain_id) values (370, '2020-12-12 11:08:49', 146, 513);
insert into explanation (id, date_explained, belief_id, domain_id) values (371, '2023-04-15 17:00:36', 94, 378);
insert into explanation (id, date_explained, belief_id, domain_id) values (372, '2020-12-13 18:07:16', 113, 487);
insert into explanation (id, date_explained, belief_id, domain_id) values (373, '2022-03-08 22:43:31', 70, 668);
insert into explanation (id, date_explained, belief_id, domain_id) values (374, '2021-11-19 18:46:10', 16, 36);
insert into explanation (id, date_explained, belief_id, domain_id) values (375, '2022-07-19 19:11:36', 80, 373);
insert into explanation (id, date_explained, belief_id, domain_id) values (376, '2021-09-01 09:38:26', 113, 753);
insert into explanation (id, date_explained, belief_id, domain_id) values (377, '2021-06-09 01:49:11', 1, 227);
insert into explanation (id, date_explained, belief_id, domain_id) values (378, '2020-12-07 09:24:03', 55, 394);
insert into explanation (id, date_explained, belief_id, domain_id) values (379, '2021-08-07 22:46:57', 57, 725);
insert into explanation (id, date_explained, belief_id, domain_id) values (380, '2022-10-23 08:59:42', 53, 597);
insert into explanation (id, date_explained, belief_id, domain_id) values (381, '2021-06-21 18:51:42', 86, 484);
insert into explanation (id, date_explained, belief_id, domain_id) values (382, '2022-09-11 03:09:07', 35, 758);
insert into explanation (id, date_explained, belief_id, domain_id) values (383, '2022-11-09 03:36:31', 99, 474);
insert into explanation (id, date_explained, belief_id, domain_id) values (384, '2023-02-14 17:29:25', 172, 913);
insert into explanation (id, date_explained, belief_id, domain_id) values (385, '2021-12-10 14:38:35', 118, 238);
insert into explanation (id, date_explained, belief_id, domain_id) values (386, '2023-03-11 13:12:59', 115, 674);
insert into explanation (id, date_explained, belief_id, domain_id) values (387, '2021-02-20 02:25:40', 24, 350);
insert into explanation (id, date_explained, belief_id, domain_id) values (388, '2021-07-22 08:24:30', 42, 485);
insert into explanation (id, date_explained, belief_id, domain_id) values (389, '2022-11-25 10:51:09', 40, 792);
insert into explanation (id, date_explained, belief_id, domain_id) values (390, '2021-04-27 04:25:00', 140, 478);
insert into explanation (id, date_explained, belief_id, domain_id) values (391, '2022-04-23 07:29:09', 85, 27);
insert into explanation (id, date_explained, belief_id, domain_id) values (392, '2021-01-30 18:22:35', 130, 956);
insert into explanation (id, date_explained, belief_id, domain_id) values (393, '2022-07-09 16:45:23', 32, 927);
insert into explanation (id, date_explained, belief_id, domain_id) values (394, '2021-07-27 05:58:30', 132, 356);
insert into explanation (id, date_explained, belief_id, domain_id) values (395, '2022-02-01 17:42:16', 185, 664);
insert into explanation (id, date_explained, belief_id, domain_id) values (396, '2021-01-19 13:11:53', 138, 372);
insert into explanation (id, date_explained, belief_id, domain_id) values (397, '2023-03-20 17:08:42', 91, 230);
insert into explanation (id, date_explained, belief_id, domain_id) values (398, '2020-12-03 13:53:53', 87, 554);
insert into explanation (id, date_explained, belief_id, domain_id) values (399, '2022-05-15 14:20:34', 12, 441);
insert into explanation (id, date_explained, belief_id, domain_id) values (400, '2021-05-14 04:15:55', 59, 702);
insert into explanation (id, date_explained, belief_id, domain_id) values (401, '2022-06-07 23:46:12', 35, 497);
insert into explanation (id, date_explained, belief_id, domain_id) values (402, '2023-02-21 06:26:01', 117, 520);
insert into explanation (id, date_explained, belief_id, domain_id) values (403, '2021-12-27 13:53:44', 52, 201);
insert into explanation (id, date_explained, belief_id, domain_id) values (404, '2022-11-02 19:18:02', 107, 348);
insert into explanation (id, date_explained, belief_id, domain_id) values (405, '2022-08-14 09:14:32', 126, 892);
insert into explanation (id, date_explained, belief_id, domain_id) values (406, '2021-03-07 09:23:08', 66, 960);
insert into explanation (id, date_explained, belief_id, domain_id) values (407, '2022-10-27 14:23:25', 122, 909);
insert into explanation (id, date_explained, belief_id, domain_id) values (408, '2021-05-15 18:56:27', 90, 750);
insert into explanation (id, date_explained, belief_id, domain_id) values (409, '2023-04-11 08:51:26', 10, 233);
insert into explanation (id, date_explained, belief_id, domain_id) values (410, '2021-11-04 14:30:02', 66, 158);
insert into explanation (id, date_explained, belief_id, domain_id) values (411, '2021-04-27 01:13:49', 115, 508);
insert into explanation (id, date_explained, belief_id, domain_id) values (412, '2022-08-10 08:06:25', 141, 174);
insert into explanation (id, date_explained, belief_id, domain_id) values (413, '2023-01-01 12:25:05', 191, 166);
insert into explanation (id, date_explained, belief_id, domain_id) values (414, '2021-10-26 16:13:34', 112, 642);
insert into explanation (id, date_explained, belief_id, domain_id) values (415, '2022-10-13 21:23:42', 175, 984);
insert into explanation (id, date_explained, belief_id, domain_id) values (416, '2022-11-09 15:42:54', 120, 403);
insert into explanation (id, date_explained, belief_id, domain_id) values (417, '2022-02-11 18:36:32', 62, 566);
insert into explanation (id, date_explained, belief_id, domain_id) values (418, '2022-12-25 06:47:10', 78, 33);
insert into explanation (id, date_explained, belief_id, domain_id) values (419, '2023-02-02 16:01:58', 2, 616);
insert into explanation (id, date_explained, belief_id, domain_id) values (420, '2020-12-23 17:06:17', 95, 9);
insert into explanation (id, date_explained, belief_id, domain_id) values (421, '2021-04-28 21:54:11', 185, 273);
insert into explanation (id, date_explained, belief_id, domain_id) values (422, '2021-08-02 09:31:26', 15, 560);
insert into explanation (id, date_explained, belief_id, domain_id) values (423, '2021-06-11 03:57:11', 119, 777);
insert into explanation (id, date_explained, belief_id, domain_id) values (424, '2023-05-13 06:14:48', 163, 352);
insert into explanation (id, date_explained, belief_id, domain_id) values (425, '2022-05-03 03:33:04', 183, 11);
insert into explanation (id, date_explained, belief_id, domain_id) values (426, '2022-11-18 16:12:25', 166, 83);
insert into explanation (id, date_explained, belief_id, domain_id) values (427, '2022-10-22 12:23:46', 35, 512);
insert into explanation (id, date_explained, belief_id, domain_id) values (428, '2022-01-21 21:26:28', 31, 971);
insert into explanation (id, date_explained, belief_id, domain_id) values (429, '2023-02-09 18:04:21', 85, 536);
insert into explanation (id, date_explained, belief_id, domain_id) values (430, '2021-04-05 03:11:10', 160, 417);
insert into explanation (id, date_explained, belief_id, domain_id) values (431, '2021-07-08 09:19:16', 168, 19);
insert into explanation (id, date_explained, belief_id, domain_id) values (432, '2021-10-26 13:50:04', 34, 313);
insert into explanation (id, date_explained, belief_id, domain_id) values (433, '2021-12-31 19:50:00', 118, 19);
insert into explanation (id, date_explained, belief_id, domain_id) values (434, '2020-12-20 10:55:29', 181, 615);
insert into explanation (id, date_explained, belief_id, domain_id) values (435, '2022-02-17 08:09:57', 82, 124);
insert into explanation (id, date_explained, belief_id, domain_id) values (436, '2022-05-04 11:17:29', 156, 165);
insert into explanation (id, date_explained, belief_id, domain_id) values (437, '2022-03-13 10:23:54', 138, 865);
insert into explanation (id, date_explained, belief_id, domain_id) values (438, '2022-07-29 22:06:24', 77, 495);
insert into explanation (id, date_explained, belief_id, domain_id) values (439, '2022-09-29 04:48:40', 78, 598);
insert into explanation (id, date_explained, belief_id, domain_id) values (440, '2021-08-28 21:11:58', 128, 362);
insert into explanation (id, date_explained, belief_id, domain_id) values (441, '2021-08-07 04:47:43', 20, 401);
insert into explanation (id, date_explained, belief_id, domain_id) values (442, '2021-05-05 08:45:45', 121, 82);
insert into explanation (id, date_explained, belief_id, domain_id) values (443, '2022-04-25 22:34:29', 116, 824);
insert into explanation (id, date_explained, belief_id, domain_id) values (444, '2023-02-25 16:04:53', 171, 884);
insert into explanation (id, date_explained, belief_id, domain_id) values (445, '2021-10-14 19:08:25', 1, 429);
insert into explanation (id, date_explained, belief_id, domain_id) values (446, '2022-08-10 12:48:08', 188, 877);
insert into explanation (id, date_explained, belief_id, domain_id) values (447, '2023-05-08 07:44:48', 131, 617);
insert into explanation (id, date_explained, belief_id, domain_id) values (448, '2021-12-27 03:08:58', 17, 552);
insert into explanation (id, date_explained, belief_id, domain_id) values (449, '2021-04-25 01:02:55', 26, 998);
insert into explanation (id, date_explained, belief_id, domain_id) values (450, '2021-07-16 17:47:53', 36, 647);
insert into explanation (id, date_explained, belief_id, domain_id) values (451, '2023-04-04 02:15:54', 2, 54);
insert into explanation (id, date_explained, belief_id, domain_id) values (452, '2022-08-22 10:37:47', 77, 616);
insert into explanation (id, date_explained, belief_id, domain_id) values (453, '2021-04-16 04:57:38', 87, 359);
insert into explanation (id, date_explained, belief_id, domain_id) values (454, '2021-09-01 09:45:16', 156, 290);
insert into explanation (id, date_explained, belief_id, domain_id) values (455, '2022-08-16 04:26:32', 59, 7);
insert into explanation (id, date_explained, belief_id, domain_id) values (456, '2022-12-17 13:41:20', 142, 378);
insert into explanation (id, date_explained, belief_id, domain_id) values (457, '2022-01-31 03:59:45', 27, 289);
insert into explanation (id, date_explained, belief_id, domain_id) values (458, '2021-04-29 07:28:16', 7, 833);
insert into explanation (id, date_explained, belief_id, domain_id) values (459, '2021-10-21 10:23:43', 182, 777);
insert into explanation (id, date_explained, belief_id, domain_id) values (460, '2021-07-15 09:07:59', 87, 813);
insert into explanation (id, date_explained, belief_id, domain_id) values (461, '2021-10-17 03:54:07', 135, 326);
insert into explanation (id, date_explained, belief_id, domain_id) values (462, '2022-12-13 05:06:05', 162, 71);
insert into explanation (id, date_explained, belief_id, domain_id) values (463, '2022-05-09 23:09:23', 135, 553);
insert into explanation (id, date_explained, belief_id, domain_id) values (464, '2021-02-17 05:34:35', 184, 544);
insert into explanation (id, date_explained, belief_id, domain_id) values (465, '2023-03-27 20:59:44', 95, 434);
insert into explanation (id, date_explained, belief_id, domain_id) values (466, '2022-09-02 15:46:58', 20, 532);
insert into explanation (id, date_explained, belief_id, domain_id) values (467, '2022-05-14 06:13:29', 43, 907);
insert into explanation (id, date_explained, belief_id, domain_id) values (468, '2021-03-14 13:58:03', 59, 749);
insert into explanation (id, date_explained, belief_id, domain_id) values (469, '2022-07-15 09:31:28', 154, 69);
insert into explanation (id, date_explained, belief_id, domain_id) values (470, '2021-01-20 13:26:34', 133, 648);
insert into explanation (id, date_explained, belief_id, domain_id) values (471, '2022-05-30 00:58:12', 146, 406);
insert into explanation (id, date_explained, belief_id, domain_id) values (472, '2021-06-09 15:13:57', 18, 205);
insert into explanation (id, date_explained, belief_id, domain_id) values (473, '2023-01-23 08:41:41', 192, 594);
insert into explanation (id, date_explained, belief_id, domain_id) values (474, '2022-10-08 19:18:17', 8, 944);
insert into explanation (id, date_explained, belief_id, domain_id) values (475, '2023-03-21 09:33:03', 88, 970);
insert into explanation (id, date_explained, belief_id, domain_id) values (476, '2023-02-11 23:13:43', 80, 113);
insert into explanation (id, date_explained, belief_id, domain_id) values (477, '2022-10-31 03:44:24', 10, 332);
insert into explanation (id, date_explained, belief_id, domain_id) values (478, '2022-04-03 20:15:00', 164, 522);
insert into explanation (id, date_explained, belief_id, domain_id) values (479, '2021-02-10 22:24:24', 13, 462);
insert into explanation (id, date_explained, belief_id, domain_id) values (480, '2023-03-10 02:48:16', 60, 383);
insert into explanation (id, date_explained, belief_id, domain_id) values (481, '2021-10-04 06:22:56', 125, 916);
insert into explanation (id, date_explained, belief_id, domain_id) values (482, '2021-01-05 20:09:54', 97, 136);
insert into explanation (id, date_explained, belief_id, domain_id) values (483, '2022-07-17 08:43:24', 36, 620);
insert into explanation (id, date_explained, belief_id, domain_id) values (484, '2022-07-29 06:29:04', 35, 815);
insert into explanation (id, date_explained, belief_id, domain_id) values (485, '2023-03-09 15:23:43', 171, 996);
insert into explanation (id, date_explained, belief_id, domain_id) values (486, '2022-03-10 10:06:56', 185, 54);
insert into explanation (id, date_explained, belief_id, domain_id) values (487, '2023-03-17 16:26:50', 48, 972);
insert into explanation (id, date_explained, belief_id, domain_id) values (488, '2021-05-19 18:17:08', 142, 761);
insert into explanation (id, date_explained, belief_id, domain_id) values (489, '2022-04-22 02:59:45', 86, 317);
insert into explanation (id, date_explained, belief_id, domain_id) values (490, '2021-04-19 09:15:28', 52, 210);
insert into explanation (id, date_explained, belief_id, domain_id) values (491, '2020-12-25 10:37:09', 122, 904);
insert into explanation (id, date_explained, belief_id, domain_id) values (492, '2022-11-03 22:55:06', 32, 23);
insert into explanation (id, date_explained, belief_id, domain_id) values (493, '2021-08-01 01:47:43', 125, 359);
insert into explanation (id, date_explained, belief_id, domain_id) values (494, '2021-02-02 06:43:36', 179, 427);
insert into explanation (id, date_explained, belief_id, domain_id) values (495, '2021-02-24 13:19:14', 105, 651);
insert into explanation (id, date_explained, belief_id, domain_id) values (496, '2022-04-20 17:49:08', 167, 999);
insert into explanation (id, date_explained, belief_id, domain_id) values (497, '2022-05-26 01:27:45', 71, 103);
insert into explanation (id, date_explained, belief_id, domain_id) values (498, '2020-12-09 22:20:23', 28, 870);
insert into explanation (id, date_explained, belief_id, domain_id) values (499, '2022-12-14 03:13:06', 51, 659);
insert into explanation (id, date_explained, belief_id, domain_id) values (500, '2022-05-04 03:14:51', 122, 839);
